Data,flow_A,flow_B,flow_C,flow_D,flow_E,woff_A,woff_B,woff_C,woff_D,woff_E,aum_A,aum_B,aum_C,aum_D,aum_E
2020-01-01,-14961.986277,-5040.877498,-23642.519220,40790.042082,10068.978337,0.839130,0.669489,0.490131,0.298108,0.090994,27797.040000,32990.840000,73794.860000,35868.860000,35362.170000
2020-01-02,4132.744965,-2625.346414,59585.031913,-23258.086084,-47079.614310,0.839130,0.669489,0.490131,0.298108,0.090994,27797.040000,32990.840000,73794.860000,35868.860000,35362.170000
2020-01-06,6889.146001,-3998.189221,-3548.516696,-13840.902579,29065.189379,0.839130,0.669489,0.490131,0.298108,0.090994,27797.040000,32990.840000,73794.860000,35868.860000,35362.170000
2020-01-07,-3237.549986,-2973.355737,-13248.798187,-3046.166637,11929.541027,0.839130,0.669489,0.490131,0.298108,0.090994,27797.040000,32990.840000,73794.860000,35868.860000,35362.170000
2020-01-08,48678.845527,15291.683667,6876.827295,-51909.941966,-5709.320394,0.839130,0.669489,0.490131,0.298108,0.090994,27797.040000,32990.840000,73794.860000,35868.860000,35362.170000
2020-01-09,-46549.027029,-25426.589667,-8961.948795,-9683.114011,91466.468324,0.839130,0.669489,0.490131,0.298108,0.090994,27797.040000,32990.840000,73794.860000,35868.860000,35362.170000
2020-01-13,-47253.838635,-11206.110820,-68.714129,5077.022244,97268.356360,0.839130,0.669489,0.490131,0.298108,0.090994,27797.040000,32990.840000,73794.860000,35868.860000,35362.170000
2020-01-14,23533.359098,32914.871280,56772.919157,-17812.733613,21710.132895,0.839130,0.669489,0.490131,0.298108,0.090994,27797.040000,32990.840000,73794.860000,35868.860000,35362.170000
2020-01-15,819744.385428,451133.933997,210647.758914,-7327.694636,-1245786.530576,0.839130,0.669489,0.490131,0.298108,0.090994,27797.040000,32990.840000,73794.860000,35868.860000,35362.170000
2020-01-16,609201.712805,333575.484093,87983.011088,-19336.595887,-1024723.745364,0.839130,0.669489,0.490131,0.298108,0.090994,27797.040000,32990.840000,73794.860000,35868.860000,35362.170000
2020-01-20,399570.442868,213137.425965,107076.609196,-24706.023403,-699887.977198,0.839130,0.669489,0.490131,0.298108,0.090994,27797.040000,32990.840000,73794.860000,35868.860000,35362.170000
2020-01-21,55991.972387,33098.950340,44530.006461,-14704.169580,-117004.960239,0.839130,0.669489,0.490131,0.298108,0.090994,27797.040000,32990.840000,73794.860000,35868.860000,35362.170000
2020-01-22,-661175.265166,-331115.882975,-86113.067639,-2862.029354,1089171.218547,0.839130,0.669489,0.490131,0.298108,0.090994,27797.040000,32990.840000,73794.860000,35868.860000,35362.170000
2020-01-23,-482321.749178,-286351.558022,-82929.356608,-6722.553695,850946.544434,0.839130,0.669489,0.490131,0.298108,0.090994,27797.040000,32990.840000,73794.860000,35868.860000,35362.170000
2020-01-27,-409162.418170,-243508.665342,-81196.835431,-676.475489,732081.163410,0.839130,0.669489,0.490131,0.298108,0.090994,27797.040000,32990.840000,73794.860000,35868.860000,35362.170000
2020-01-28,-26972.005257,-15899.605954,6430.358102,6407.141381,39576.239069,0.839130,0.669489,0.490131,0.298108,0.090994,27797.040000,32990.840000,73794.860000,35868.860000,35362.170000
2020-01-29,-33071.972462,-20966.854350,-2637.632454,3634.386212,56054.375158,0.839130,0.669489,0.490131,0.298108,0.090994,27797.040000,32990.840000,73794.860000,35868.860000,35362.170000
2020-01-30,-37180.311155,-20411.832341,-3672.456606,-6242.792953,50595.763762,0.839130,0.669489,0.490131,0.298108,0.090994,27797.040000,32990.840000,73794.860000,35868.860000,35362.170000
2020-02-03,-222178.772793,-118818.522775,-106194.923203,209527.050514,225762.273097,0.847120,0.679420,0.504931,0.306457,0.097176,26267.080000,31407.270000,70450.950000,33877.530000,33172.420000
2020-02-04,-9037.087146,-8109.126233,9319.589062,-2355.588998,5001.464232,0.847120,0.679420,0.504931,0.306457,0.097176,26267.080000,31407.270000,70450.950000,33877.530000,33172.420000
2020-02-05,-10493.182492,-10054.988138,5040.661856,4607.125561,22379.892286,0.847120,0.679420,0.504931,0.306457,0.097176,26267.080000,31407.270000,70450.950000,33877.530000,33172.420000
2020-02-06,-1712.404589,-5257.301031,6139.319035,4906.369107,9862.647139,0.847120,0.679420,0.504931,0.306457,0.097176,26267.080000,31407.270000,70450.950000,33877.530000,33172.420000
2020-02-10,-2813.369488,2926.642533,37575.788764,-10974.780499,11465.350402,0.847120,0.679420,0.504931,0.306457,0.097176,26267.080000,31407.270000,70450.950000,33877.530000,33172.420000
2020-02-11,17275.788454,19710.334930,8454.233748,-24439.250436,-34649.385597,0.847120,0.679420,0.504931,0.306457,0.097176,26267.080000,31407.270000,70450.950000,33877.530000,33172.420000
2020-02-12,30658.282851,35717.690622,25995.636708,-5615.121785,-1503.686154,0.847120,0.679420,0.504931,0.306457,0.097176,26267.080000,31407.270000,70450.950000,33877.530000,33172.420000
2020-02-13,25191.616017,34357.326730,27176.814294,-24294.171424,-11198.544117,0.847120,0.679420,0.504931,0.306457,0.097176,26267.080000,31407.270000,70450.950000,33877.530000,33172.420000
2020-02-17,143762.376702,96922.611273,161948.140354,-37634.801098,-208349.527141,0.847120,0.679420,0.504931,0.306457,0.097176,26267.080000,31407.270000,70450.950000,33877.530000,33172.420000
2020-02-18,25067.896710,14413.592294,17804.393691,-11989.481999,-62494.981865,0.847120,0.679420,0.504931,0.306457,0.097176,26267.080000,31407.270000,70450.950000,33877.530000,33172.420000
2020-02-19,12889.243949,7713.929336,14338.100686,-4465.662915,-31712.740071,0.847120,0.679420,0.504931,0.306457,0.097176,26267.080000,31407.270000,70450.950000,33877.530000,33172.420000
2020-02-20,6226.058964,1525.341904,10085.673719,-5094.543838,-26552.183481,0.847120,0.679420,0.504931,0.306457,0.097176,26267.080000,31407.270000,70450.950000,33877.530000,33172.420000
2020-02-24,40755.765482,23659.538000,58862.746205,-30719.262808,-85663.065658,0.847120,0.679420,0.504931,0.306457,0.097176,26267.080000,31407.270000,70450.950000,33877.530000,33172.420000
2020-02-25,20962.126679,7145.532348,17022.624714,-7636.392163,-41366.156805,0.847120,0.679420,0.504931,0.306457,0.097176,26267.080000,31407.270000,70450.950000,33877.530000,33172.420000
2020-02-26,22183.450615,26231.566642,25498.679359,-9907.879578,-64851.368027,0.847120,0.679420,0.504931,0.306457,0.097176,26267.080000,31407.270000,70450.950000,33877.530000,33172.420000
2020-02-27,11725.564917,8089.287763,12012.023410,-14294.821306,-38856.237923,0.847120,0.679420,0.504931,0.306457,0.097176,26267.080000,31407.270000,70450.950000,33877.530000,33172.420000
2020-03-02,-174272.754631,-69355.911317,41679.044378,157564.482605,31078.275455,0.846382,0.681320,0.483460,0.284009,0.103891,19766.180000,25046.000000,58528.860000,30724.190000,36626.770000
2020-03-03,-37535.750376,-26815.293122,11214.028020,3895.599568,49867.709897,0.846382,0.681320,0.483460,0.284009,0.103891,19766.180000,25046.000000,58528.860000,30724.190000,36626.770000
2020-03-04,-34319.502107,-40182.471580,-16163.542043,-1014.375880,89394.382880,0.846382,0.681320,0.483460,0.284009,0.103891,19766.180000,25046.000000,58528.860000,30724.190000,36626.770000
2020-03-05,-117564.300539,-67814.375202,-63288.869255,1974.049221,237236.438644,0.846382,0.681320,0.483460,0.284009,0.103891,19766.180000,25046.000000,58528.860000,30724.190000,36626.770000
2020-03-09,-162533.512633,-82983.799943,1389052.491247,-12680.630895,-1131295.356168,0.846382,0.681320,0.483460,0.284009,0.103891,19766.180000,25046.000000,58528.860000,30724.190000,36626.770000
2020-03-10,-75107.896131,-38067.367884,992727.670204,-13012.714758,-870388.147357,0.846382,0.681320,0.483460,0.284009,0.103891,19766.180000,25046.000000,58528.860000,30724.190000,36626.770000
2020-03-11,-10918.541262,-2345.226235,299088.979804,-26317.174286,-270837.735712,0.846382,0.681320,0.483460,0.284009,0.103891,19766.180000,25046.000000,58528.860000,30724.190000,36626.770000
2020-03-12,-19253.568000,-37.923334,172027.775466,-2887.699232,-71050.463104,0.846382,0.681320,0.483460,0.284009,0.103891,19766.180000,25046.000000,58528.860000,30724.190000,36626.770000
2020-03-16,-151887.288749,-47914.289409,184798.252595,48671.902419,115228.908220,0.846382,0.681320,0.483460,0.284009,0.103891,19766.180000,25046.000000,58528.860000,30724.190000,36626.770000
2020-03-17,-73638.987407,-17352.609970,-8894.354432,15281.926554,163435.495851,0.846382,0.681320,0.483460,0.284009,0.103891,19766.180000,25046.000000,58528.860000,30724.190000,36626.770000
2020-03-18,-161109.354897,-105589.924616,-995226.068192,58269.980622,1231636.037454,0.846382,0.681320,0.483460,0.284009,0.103891,19766.180000,25046.000000,58528.860000,30724.190000,36626.770000
2020-03-19,-118852.632504,-84942.608506,-954797.314998,20286.202265,1126465.989631,0.846382,0.681320,0.483460,0.284009,0.103891,19766.180000,25046.000000,58528.860000,30724.190000,36626.770000
2020-03-23,-455627.624335,-292717.664100,-1335162.523171,21850.558821,2062160.487752,0.846382,0.681320,0.483460,0.284009,0.103891,19766.180000,25046.000000,58528.860000,30724.190000,36626.770000
2020-03-24,-206841.191378,-126363.064578,-307919.716622,3599.235530,633433.522566,0.846382,0.681320,0.483460,0.284009,0.103891,19766.180000,25046.000000,58528.860000,30724.190000,36626.770000
2020-03-25,-265972.703031,-180312.784958,-326953.832000,10773.657876,758198.064797,0.846382,0.681320,0.483460,0.284009,0.103891,19766.180000,25046.000000,58528.860000,30724.190000,36626.770000
2020-03-26,-240201.493191,-180231.617324,-361936.332776,1135.629853,752309.777999,0.846382,0.681320,0.483460,0.284009,0.103891,19766.180000,25046.000000,58528.860000,30724.190000,36626.770000
2020-03-30,353217.678904,87127.880753,-562978.707577,-48027.354004,142029.702841,0.846382,0.681320,0.483460,0.284009,0.103891,19766.180000,25046.000000,58528.860000,30724.190000,36626.770000
2020-03-31,401720.180011,154485.160207,-172377.755041,129264.786549,-517352.044514,0.846382,0.681320,0.483460,0.284009,0.103891,19766.180000,25046.000000,58528.860000,30724.190000,36626.770000
2020-04-01,182571.955394,-27383.576351,-101780.630118,-27392.303393,-23071.775488,0.826056,0.668788,0.478077,0.286994,0.086628,25196.730000,28603.170000,65763.640000,33228.030000,33123.470000
2020-04-02,34252.004107,-15764.990784,-82257.749034,-6874.999317,64132.354684,0.826056,0.668788,0.478077,0.286994,0.086628,25196.730000,28603.170000,65763.640000,33228.030000,33123.470000
2020-04-06,-34181.943450,-64822.152200,-189784.992098,-16744.362675,298051.913836,0.826056,0.668788,0.478077,0.286994,0.086628,25196.730000,28603.170000,65763.640000,33228.030000,33123.470000
2020-04-07,758761.111374,290594.459442,514504.023350,-16202.332390,-1547627.401196,0.826056,0.668788,0.478077,0.286994,0.086628,25196.730000,28603.170000,65763.640000,33228.030000,33123.470000
2020-04-08,647674.463646,277279.518465,493525.065242,-15034.126598,-1368269.518906,0.826056,0.668788,0.478077,0.286994,0.086628,25196.730000,28603.170000,65763.640000,33228.030000,33123.470000
2020-04-13,773918.250699,325720.723138,549824.830257,-58052.013332,-1579766.806819,0.826056,0.668788,0.478077,0.286994,0.086628,25196.730000,28603.170000,65763.640000,33228.030000,33123.470000
2020-04-14,76137.109669,52630.543545,64434.782047,-35334.009402,-61945.010993,0.826056,0.668788,0.478077,0.286994,0.086628,25196.730000,28603.170000,65763.640000,33228.030000,33123.470000
2020-04-15,46290.495041,52282.407193,71247.129940,3903.507904,26442.423028,0.826056,0.668788,0.478077,0.286994,0.086628,25196.730000,28603.170000,65763.640000,33228.030000,33123.470000
2020-04-16,37468.451967,12509.438513,16985.506132,-2706.164399,-38493.153834,0.826056,0.668788,0.478077,0.286994,0.086628,25196.730000,28603.170000,65763.640000,33228.030000,33123.470000
2020-04-20,116396.851074,45185.377015,121652.241937,-8879.605633,-259559.313770,0.826056,0.668788,0.478077,0.286994,0.086628,25196.730000,28603.170000,65763.640000,33228.030000,33123.470000
2020-04-21,97089.122306,32470.301180,60389.229710,-7777.470098,-178327.993217,0.826056,0.668788,0.478077,0.286994,0.086628,25196.730000,28603.170000,65763.640000,33228.030000,33123.470000
2020-04-22,47022.470398,13805.515403,40636.531670,-7474.616094,-94299.944406,0.826056,0.668788,0.478077,0.286994,0.086628,25196.730000,28603.170000,65763.640000,33228.030000,33123.470000
2020-04-23,44310.980356,14362.087407,41674.024453,-1275.961403,-96068.752090,0.826056,0.668788,0.478077,0.286994,0.086628,25196.730000,28603.170000,65763.640000,33228.030000,33123.470000
2020-04-27,-39319.293394,-54343.379962,4023.883974,-124.300560,90346.800633,0.826056,0.668788,0.478077,0.286994,0.086628,25196.730000,28603.170000,65763.640000,33228.030000,33123.470000
2020-04-28,4085.268613,-2382.176148,-3146.822356,-912.517202,738.551938,0.826056,0.668788,0.478077,0.286994,0.086628,25196.730000,28603.170000,65763.640000,33228.030000,33123.470000
2020-04-29,51356.324533,6550.651462,1542.119633,1559.843401,-32321.899067,0.826056,0.668788,0.478077,0.286994,0.086628,25196.730000,28603.170000,65763.640000,33228.030000,33123.470000
2020-05-04,-11873.921010,-19859.006977,-86715.773296,142044.012027,-52497.237922,0.848220,0.672867,0.475287,0.283871,0.088946,20880.930000,27466.720000,72143.810000,35895.500000,40518.410000
2020-05-05,20526.607992,10146.025547,14828.852546,-4642.013181,-41051.432042,0.848220,0.672867,0.475287,0.283871,0.088946,20880.930000,27466.720000,72143.810000,35895.500000,40518.410000
2020-05-06,35727.320963,16361.433559,22791.570221,-366.647834,-70749.729327,0.848220,0.672867,0.475287,0.283871,0.088946,20880.930000,27466.720000,72143.810000,35895.500000,40518.410000
2020-05-07,6035.575957,756.252826,-36515.443237,-980.519113,41883.372348,0.848220,0.672867,0.475287,0.283871,0.088946,20880.930000,27466.720000,72143.810000,35895.500000,40518.410000
2020-05-11,5124.712457,18467.219162,-7434.061238,-25058.076048,4672.640265,0.848220,0.672867,0.475287,0.283871,0.088946,20880.930000,27466.720000,72143.810000,35895.500000,40518.410000
2020-05-12,5939.488701,14120.934763,10590.517157,-9653.106144,9992.201929,0.848220,0.672867,0.475287,0.283871,0.088946,20880.930000,27466.720000,72143.810000,35895.500000,40518.410000
2020-05-13,-853047.681697,-634851.438013,523836.283112,-35741.115554,1042056.045638,0.848220,0.672867,0.475287,0.283871,0.088946,20880.930000,27466.720000,72143.810000,35895.500000,40518.410000
2020-05-14,-979798.301276,-672327.483161,623763.240001,-268.611484,1172268.222325,0.848220,0.672867,0.475287,0.283871,0.088946,20880.930000,27466.720000,72143.810000,35895.500000,40518.410000
2020-05-18,-1428128.008719,-407535.089414,674910.695767,-16247.619581,1267092.972650,0.848220,0.672867,0.475287,0.283871,0.088946,20880.930000,27466.720000,72143.810000,35895.500000,40518.410000
2020-05-19,-500561.412938,-43649.739595,163837.217108,16080.886215,352298.167274,0.848220,0.672867,0.475287,0.283871,0.088946,20880.930000,27466.720000,72143.810000,35895.500000,40518.410000
2020-05-21,-183192.401398,-24528.564744,39576.684541,14046.641605,165318.183242,0.848220,0.672867,0.475287,0.283871,0.088946,20880.930000,27466.720000,72143.810000,35895.500000,40518.410000
2020-05-25,-67554.667881,-23563.787041,-10759.610751,7073.619879,89068.469143,0.848220,0.672867,0.475287,0.283871,0.088946,20880.930000,27466.720000,72143.810000,35895.500000,40518.410000
2020-05-26,-10302.657126,-2513.393217,-4255.318014,-1228.491439,17157.930891,0.848220,0.672867,0.475287,0.283871,0.088946,20880.930000,27466.720000,72143.810000,35895.500000,40518.410000
2020-05-27,-1315.677716,-739.067558,3866.589417,529.550521,-7255.398886,0.848220,0.672867,0.475287,0.283871,0.088946,20880.930000,27466.720000,72143.810000,35895.500000,40518.410000
2020-05-28,424.045646,-4054.808599,-213.509586,2506.469037,2134.280722,0.848220,0.672867,0.475287,0.283871,0.088946,20880.930000,27466.720000,72143.810000,35895.500000,40518.410000
2020-06-01,15640.908428,1136.448754,-109015.376860,146005.964046,-76090.269296,0.838257,0.681211,0.493193,0.294300,0.117187,24786.970000,29999.790000,68105.260000,36273.020000,41812.280000
2020-06-02,-53342.847440,-25888.378651,-1542952.645135,-7555.068904,1625271.471583,0.838257,0.681211,0.493193,0.294300,0.117187,24786.970000,29999.790000,68105.260000,36273.020000,41812.280000
2020-06-03,-99346.842319,-49394.804857,-1366188.429045,-12110.392109,1536482.408237,0.838257,0.681211,0.493193,0.294300,0.117187,24786.970000,29999.790000,68105.260000,36273.020000,41812.280000
2020-06-04,-132718.436610,-56897.992659,-1152012.702868,-32793.839593,1424476.800516,0.838257,0.681211,0.493193,0.294300,0.117187,24786.970000,29999.790000,68105.260000,36273.020000,41812.280000
2020-06-08,-132526.241307,-95738.012245,-759801.865806,-30207.490712,1048862.875750,0.838257,0.681211,0.493193,0.294300,0.117187,24786.970000,29999.790000,68105.260000,36273.020000,41812.280000
2020-06-09,-21031.459623,-13284.546781,-30794.529638,5237.288870,77429.521086,0.838257,0.681211,0.493193,0.294300,0.117187,24786.970000,29999.790000,68105.260000,36273.020000,41812.280000
2020-06-10,-8284.327913,-8932.865956,-18904.209227,5768.734942,37266.341963,0.838257,0.681211,0.493193,0.294300,0.117187,24786.970000,29999.790000,68105.260000,36273.020000,41812.280000
2020-06-11,25892.002624,23056.573695,32755.679824,-16754.333497,-62854.890503,0.838257,0.681211,0.493193,0.294300,0.117187,24786.970000,29999.790000,68105.260000,36273.020000,41812.280000
2020-06-15,78840.528368,88484.999247,74850.900022,-24085.514878,-129126.631266,0.838257,0.681211,0.493193,0.294300,0.117187,24786.970000,29999.790000,68105.260000,36273.020000,41812.280000
2020-06-16,49446.732975,55972.554466,52792.002395,-9746.973761,-56713.236740,0.838257,0.681211,0.493193,0.294300,0.117187,24786.970000,29999.790000,68105.260000,36273.020000,41812.280000
2020-06-17,-17188.119464,8448.049285,7117.923032,-2713.465993,27402.935032,0.838257,0.681211,0.493193,0.294300,0.117187,24786.970000,29999.790000,68105.260000,36273.020000,41812.280000
2020-06-18,-8847.707083,-6632.292676,-2984.473163,-3855.872413,2229.933838,0.838257,0.681211,0.493193,0.294300,0.117187,24786.970000,29999.790000,68105.260000,36273.020000,41812.280000
2020-06-22,703177.221348,629109.655537,183423.914969,2826.446036,-1504311.569030,0.838257,0.681211,0.493193,0.294300,0.117187,24786.970000,29999.790000,68105.260000,36273.020000,41812.280000
2020-06-23,865296.930474,555859.546492,174754.604248,-5764.546727,-1603501.159576,0.838257,0.681211,0.493193,0.294300,0.117187,24786.970000,29999.790000,68105.260000,36273.020000,41812.280000
2020-06-24,650133.527851,84535.882156,3185.877876,-10250.653560,-728287.956966,0.838257,0.681211,0.493193,0.294300,0.117187,24786.970000,29999.790000,68105.260000,36273.020000,41812.280000
2020-06-25,424640.918449,34954.089473,-10372.146069,-8967.605539,-447514.061002,0.838257,0.681211,0.493193,0.294300,0.117187,24786.970000,29999.790000,68105.260000,36273.020000,41812.280000
2020-06-29,100302.381151,10100.579153,15341.437701,877.610249,-124757.159137,0.838257,0.681211,0.493193,0.294300,0.117187,24786.970000,29999.790000,68105.260000,36273.020000,41812.280000
2020-06-30,-23333.609153,-2962.641715,-99537.234761,156806.335178,-36976.485810,0.838257,0.681211,0.493193,0.294300,0.117187,24786.970000,29999.790000,68105.260000,36273.020000,41812.280000
2020-07-01,288.649930,-12812.787654,10767.980194,-6037.358969,-9846.061892,0.821795,0.673774,0.490025,0.296272,0.113840,26450.110000,32163.750000,73404.880000,39182.330000,45809.020000
2020-07-02,13573.256013,3068.699348,10834.301621,-504.626630,-23765.406777,0.821795,0.673774,0.490025,0.296272,0.113840,26450.110000,32163.750000,73404.880000,39182.330000,45809.020000
2020-07-06,14893.652286,-2345.070928,14675.016084,2756.999772,-27476.575969,0.821795,0.673774,0.490025,0.296272,0.113840,26450.110000,32163.750000,73404.880000,39182.330000,45809.020000
2020-07-07,2397.119950,-592.367200,9035.427541,-4301.888705,-3273.170892,0.821795,0.673774,0.490025,0.296272,0.113840,26450.110000,32163.750000,73404.880000,39182.330000,45809.020000
2020-07-08,43318.874116,14807.100611,11958.888949,-6025.665972,-43754.449432,0.821795,0.673774,0.490025,0.296272,0.113840,26450.110000,32163.750000,73404.880000,39182.330000,45809.020000
2020-07-09,26219.297055,18223.442030,19046.502161,-2634.386383,-39377.286178,0.821795,0.673774,0.490025,0.296272,0.113840,26450.110000,32163.750000,73404.880000,39182.330000,45809.020000
2020-07-13,53154.889621,49254.591606,48833.638567,-61514.631928,-106716.756466,0.821795,0.673774,0.490025,0.296272,0.113840,26450.110000,32163.750000,73404.880000,39182.330000,45809.020000
2020-07-14,3110.312550,22581.156354,49231.586646,4082.466586,47185.271690,0.821795,0.673774,0.490025,0.296272,0.113840,26450.110000,32163.750000,73404.880000,39182.330000,45809.020000
2020-07-16,-123401.150873,-39406.030217,39853.503382,2750.581157,226591.852685,0.821795,0.673774,0.490025,0.296272,0.113840,26450.110000,32163.750000,73404.880000,39182.330000,45809.020000
2020-07-20,-60386.140002,-59096.106383,12794.659803,13071.402947,68667.041044,0.821795,0.673774,0.490025,0.296272,0.113840,26450.110000,32163.750000,73404.880000,39182.330000,45809.020000
2020-07-21,5142.114683,-6290.177649,9989.244294,-1649.901022,-22371.989313,0.821795,0.673774,0.490025,0.296272,0.113840,26450.110000,32163.750000,73404.880000,39182.330000,45809.020000
2020-07-22,88203.138497,17407.248674,19480.269982,8298.106991,-155766.132005,0.821795,0.673774,0.490025,0.296272,0.113840,26450.110000,32163.750000,73404.880000,39182.330000,45809.020000
2020-07-23,-1607.747064,-24344.709251,21851.182781,6827.880281,-25947.983525,0.821795,0.673774,0.490025,0.296272,0.113840,26450.110000,32163.750000,73404.880000,39182.330000,45809.020000
2020-07-27,-319194.193256,-210651.026620,-230385.865118,-37722.579520,763792.356769,0.821795,0.673774,0.490025,0.296272,0.113840,26450.110000,32163.750000,73404.880000,39182.330000,45809.020000
2020-07-28,-17494.902623,-12134.555179,15753.844618,-12307.391421,18825.307978,0.821795,0.673774,0.490025,0.296272,0.113840,26450.110000,32163.750000,73404.880000,39182.330000,45809.020000
2020-07-29,3928.959508,-4059.220120,36070.853798,-8444.811359,-31250.547899,0.821795,0.673774,0.490025,0.296272,0.113840,26450.110000,32163.750000,73404.880000,39182.330000,45809.020000
2020-07-30,-26972.294902,-8545.520369,-8545.868978,73716.027723,-42667.193613,0.821795,0.673774,0.490025,0.296272,0.113840,26450.110000,32163.750000,73404.880000,39182.330000,45809.020000
2020-08-03,-859907.971954,-472327.124515,-242711.459457,213031.114790,1342174.037505,0.846434,0.705259,0.517107,0.316432,0.122830,24376.890000,28363.370000,69237.520000,37248.200000,46715.130000
2020-08-04,-461012.505565,-263734.571181,-175716.741737,-8093.374935,912166.900694,0.846434,0.705259,0.517107,0.316432,0.122830,24376.890000,28363.370000,69237.520000,37248.200000,46715.130000
2020-08-05,-82239.031090,-321531.949170,-142984.588882,-46153.849943,139045.588699,0.846434,0.705259,0.517107,0.316432,0.122830,24376.890000,28363.370000,69237.520000,37248.200000,46715.130000
2020-08-06,-104222.931672,-204356.127753,-286651.784015,-171742.439139,-23259.420326,0.846434,0.705259,0.517107,0.316432,0.122830,24376.890000,28363.370000,69237.520000,37248.200000,46715.130000
2020-08-10,-486358.547542,-1275580.815401,-1352423.288019,-515093.545371,-443354.491545,0.846434,0.705259,0.517107,0.316432,0.122830,24376.890000,28363.370000,69237.520000,37248.200000,46715.130000
2020-08-11,-70966.034345,-214079.484727,-338044.934029,-197332.732816,-199236.554273,0.846434,0.705259,0.517107,0.316432,0.122830,24376.890000,28363.370000,69237.520000,37248.200000,46715.130000
2020-08-12,689944.575982,303897.086381,-18654.848199,-87834.518902,-1164811.683403,0.846434,0.705259,0.517107,0.316432,0.122830,24376.890000,28363.370000,69237.520000,37248.200000,46715.130000
2020-08-13,327064.875421,46376.210742,-116284.310449,-117960.606614,-529753.404262,0.846434,0.705259,0.517107,0.316432,0.122830,24376.890000,28363.370000,69237.520000,37248.200000,46715.130000
2020-08-17,122697.174070,-25592.314907,-145096.662658,-150235.979829,-264100.530896,0.846434,0.705259,0.517107,0.316432,0.122830,24376.890000,28363.370000,69237.520000,37248.200000,46715.130000
2020-08-18,34346.552894,-27378.691791,-25772.820646,-35788.092256,-64342.464348,0.846434,0.705259,0.517107,0.316432,0.122830,24376.890000,28363.370000,69237.520000,37248.200000,46715.130000
2020-08-19,59850.807732,-2914.412198,-14989.604826,-25420.335737,-77135.880001,0.846434,0.705259,0.517107,0.316432,0.122830,24376.890000,28363.370000,69237.520000,37248.200000,46715.130000
2020-08-20,1199.578533,-17134.936919,-44703.063706,-33775.144246,-52010.192740,0.846434,0.705259,0.517107,0.316432,0.122830,24376.890000,28363.370000,69237.520000,37248.200000,46715.130000
2020-08-24,-622855.626699,-368600.197629,-159831.950564,-85738.313771,1079465.372146,0.846434,0.705259,0.517107,0.316432,0.122830,24376.890000,28363.370000,69237.520000,37248.200000,46715.130000
2020-08-25,-195875.608495,-137316.642096,-78118.565233,-37189.319531,316458.424620,0.846434,0.705259,0.517107,0.316432,0.122830,24376.890000,28363.370000,69237.520000,37248.200000,46715.130000
2020-08-26,-81025.109699,-89812.651800,-211554.646887,-98845.127742,-11991.430899,0.846434,0.705259,0.517107,0.316432,0.122830,24376.890000,28363.370000,69237.520000,37248.200000,46715.130000
2020-08-27,-46577.335455,-43515.066231,-64389.745497,-33364.095237,30919.123241,0.846434,0.705259,0.517107,0.316432,0.122830,24376.890000,28363.370000,69237.520000,37248.200000,46715.130000
2020-08-31,-200663.986504,-171023.107504,-371505.039317,9793.163013,-45040.608304,0.846434,0.705259,0.517107,0.316432,0.122830,24376.890000,28363.370000,69237.520000,37248.200000,46715.130000
2020-09-01,-9857.722040,-14715.991875,-4122.869529,-17056.780892,976.158833,0.828009,0.707137,0.532993,0.329719,0.131326,22398.180000,26472.060000,64666.930000,34914.400000,46516.150000
2020-09-02,26171.829586,-30932.412275,-22473.400693,-17699.821222,-35002.197718,0.828009,0.707137,0.532993,0.329719,0.131326,22398.180000,26472.060000,64666.930000,34914.400000,46516.150000
2020-09-03,-1234.956806,-20764.895245,-20595.391368,-24537.525543,-15436.877990,0.828009,0.707137,0.532993,0.329719,0.131326,22398.180000,26472.060000,64666.930000,34914.400000,46516.150000
2020-09-07,-24462.151960,-40106.566674,-2171.666226,-38243.368099,61784.870755,0.828009,0.707137,0.532993,0.329719,0.131326,22398.180000,26472.060000,64666.930000,34914.400000,46516.150000
2020-09-08,-1106.415799,603.612065,11713.502975,-18346.295523,-4966.817074,0.828009,0.707137,0.532993,0.329719,0.131326,22398.180000,26472.060000,64666.930000,34914.400000,46516.150000
2020-09-09,-44634.988773,-40631.994328,-83004.170354,-52907.975680,-9378.456720,0.828009,0.707137,0.532993,0.329719,0.131326,22398.180000,26472.060000,64666.930000,34914.400000,46516.150000
2020-09-10,-87209.198734,-83467.824761,-280600.923500,-154155.054497,-126038.238791,0.828009,0.707137,0.532993,0.329719,0.131326,22398.180000,26472.060000,64666.930000,34914.400000,46516.150000
2020-09-14,-643227.858537,-315251.777553,-119581.511316,-17440.031978,1221446.369509,0.828009,0.707137,0.532993,0.329719,0.131326,22398.180000,26472.060000,64666.930000,34914.400000,46516.150000
2020-09-15,-750007.178115,-408845.245231,-254993.667384,-42776.918231,1515727.305907,0.828009,0.707137,0.532993,0.329719,0.131326,22398.180000,26472.060000,64666.930000,34914.400000,46516.150000
2020-09-16,-325871.894934,-139769.070099,-121408.358259,-24131.046418,633275.907597,0.828009,0.707137,0.532993,0.329719,0.131326,22398.180000,26472.060000,64666.930000,34914.400000,46516.150000
2020-09-21,-99189.661246,-69492.267329,-274618.492643,-190057.037251,134452.934718,0.828009,0.707137,0.532993,0.329719,0.131326,22398.180000,26472.060000,64666.930000,34914.400000,46516.150000
2020-09-22,11146.332976,-2811.351139,-4573.555701,-7013.087379,8807.041552,0.828009,0.707137,0.532993,0.329719,0.131326,22398.180000,26472.060000,64666.930000,34914.400000,46516.150000
2020-09-23,2221.612018,-4379.952413,-10440.526136,-11775.153088,-27729.533217,0.828009,0.707137,0.532993,0.329719,0.131326,22398.180000,26472.060000,64666.930000,34914.400000,46516.150000
2020-09-24,-13538.952998,-9007.791336,-14441.176809,-6952.135457,-3288.903064,0.828009,0.707137,0.532993,0.329719,0.131326,22398.180000,26472.060000,64666.930000,34914.400000,46516.150000
2020-09-28,-63588.618263,-45781.660960,-35756.642029,-16760.768660,89043.772658,0.828009,0.707137,0.532993,0.329719,0.131326,22398.180000,26472.060000,64666.930000,34914.400000,46516.150000
2020-09-29,725457.508218,469438.359424,118831.097942,-11872.884833,-1339330.727916,0.828009,0.707137,0.532993,0.329719,0.131326,22398.180000,26472.060000,64666.930000,34914.400000,46516.150000
2020-09-30,530378.945680,189147.638679,-103646.421259,183448.695112,-815387.403379,0.828009,0.707137,0.532993,0.329719,0.131326,22398.180000,26472.060000,64666.930000,34914.400000,46516.150000
2020-10-01,213198.904420,51014.955397,5045.226601,-13498.010960,-269924.312826,0.844193,0.712587,0.523568,0.318968,0.108499,22273.730000,26665.360000,66024.490000,35977.310000,48474.970000
2020-10-05,873672.594693,479139.249130,120042.930200,-30885.157081,-1481260.335015,0.844193,0.712587,0.523568,0.318968,0.108499,22273.730000,26665.360000,66024.490000,35977.310000,48474.970000
2020-10-06,661837.352012,331516.530208,80681.541427,-19969.520800,-1081771.762424,0.844193,0.712587,0.523568,0.318968,0.108499,22273.730000,26665.360000,66024.490000,35977.310000,48474.970000
2020-10-07,297242.052134,105342.478354,25923.995783,-19456.395272,-434966.588354,0.844193,0.712587,0.523568,0.318968,0.108499,22273.730000,26665.360000,66024.490000,35977.310000,48474.970000
2020-10-08,140703.429901,65960.482527,16877.192729,-12825.578308,-212104.290854,0.844193,0.712587,0.523568,0.318968,0.108499,22273.730000,26665.360000,66024.490000,35977.310000,48474.970000
2020-10-12,92016.228279,41303.225151,14360.076091,-25076.169294,-154543.023589,0.844193,0.712587,0.523568,0.318968,0.108499,22273.730000,26665.360000,66024.490000,35977.310000,48474.970000
2020-10-13,42902.289543,22572.582433,7321.955092,-42340.612370,-62749.021420,0.844193,0.712587,0.523568,0.318968,0.108499,22273.730000,26665.360000,66024.490000,35977.310000,48474.970000
2020-10-14,41275.552127,35061.659359,45874.570972,-7208.073039,-13000.999013,0.844193,0.712587,0.523568,0.318968,0.108499,22273.730000,26665.360000,66024.490000,35977.310000,48474.970000
2020-10-15,39269.295691,55358.734125,67895.852692,2801.555154,-7816.208702,0.844193,0.712587,0.523568,0.318968,0.108499,22273.730000,26665.360000,66024.490000,35977.310000,48474.970000
2020-10-19,45718.592386,19109.495467,26828.322780,-17119.571043,-112077.791274,0.844193,0.712587,0.523568,0.318968,0.108499,22273.730000,26665.360000,66024.490000,35977.310000,48474.970000
2020-10-20,2406.310408,-4529.292729,5724.114190,-4658.418090,-15745.508860,0.844193,0.712587,0.523568,0.318968,0.108499,22273.730000,26665.360000,66024.490000,35977.310000,48474.970000
2020-10-21,-895884.973497,-484700.086439,-139449.360403,851.344983,1505985.304840,0.844193,0.712587,0.523568,0.318968,0.108499,22273.730000,26665.360000,66024.490000,35977.310000,48474.970000
2020-10-22,-824582.562159,-420346.858011,-104308.982644,-13861.310341,1337846.353066,0.844193,0.712587,0.523568,0.318968,0.108499,22273.730000,26665.360000,66024.490000,35977.310000,48474.970000
2020-10-26,-609586.074948,-289980.459839,-107301.083572,141132.124882,755878.918109,0.844193,0.712587,0.523568,0.318968,0.108499,22273.730000,26665.360000,66024.490000,35977.310000,48474.970000
2020-10-27,-35685.015379,-29214.262823,-3473.937577,-851.444046,52363.579077,0.844193,0.712587,0.523568,0.318968,0.108499,22273.730000,26665.360000,66024.490000,35977.310000,48474.970000
2020-10-28,-16196.386610,-14321.160024,-4718.309854,-3308.378548,16356.821791,0.844193,0.712587,0.523568,0.318968,0.108499,22273.730000,26665.360000,66024.490000,35977.310000,48474.970000
2020-10-29,-169.566606,-2954.725886,5108.105505,3582.980903,-3935.317263,0.844193,0.712587,0.523568,0.318968,0.108499,22273.730000,26665.360000,66024.490000,35977.310000,48474.970000
2020-11-02,-736386.756997,-363470.055419,-277620.515137,53606.483890,1272096.291498,0.851983,0.702984,0.530499,0.333400,0.128400,29659.940000,31241.540000,70137.570000,36878.770000,41567.250000
2020-11-03,-115791.432750,-66658.225879,-45814.110246,-21345.598657,232582.878987,0.851983,0.702984,0.530499,0.333400,0.128400,29659.940000,31241.540000,70137.570000,36878.770000,41567.250000
2020-11-04,-45208.934999,-26235.843895,-41924.822745,-11214.621167,101393.424856,0.851983,0.702984,0.530499,0.333400,0.128400,29659.940000,31241.540000,70137.570000,36878.770000,41567.250000
2020-11-05,-23008.039663,-15511.708639,-15456.059714,-4452.967314,43345.379405,0.851983,0.702984,0.530499,0.333400,0.128400,29659.940000,31241.540000,70137.570000,36878.770000,41567.250000
2020-11-09,-678662.978078,-374476.261745,-275229.313016,-51700.159673,1369268.107910,0.851983,0.702984,0.530499,0.333400,0.128400,29659.940000,31241.540000,70137.570000,36878.770000,41567.250000
2020-11-10,8075.451573,-9138.527846,-38267.825605,-42212.766599,89656.037988,0.851983,0.702984,0.530499,0.333400,0.128400,29659.940000,31241.540000,70137.570000,36878.770000,41567.250000
2020-11-11,79198.369589,45922.384211,-15052.216651,-55412.126249,-94900.708047,0.851983,0.702984,0.530499,0.333400,0.128400,29659.940000,31241.540000,70137.570000,36878.770000,41567.250000
2020-11-12,784493.488977,544458.745515,198888.751254,-24405.611062,-1467075.831496,0.851983,0.702984,0.530499,0.333400,0.128400,29659.940000,31241.540000,70137.570000,36878.770000,41567.250000
2020-11-16,1328514.900736,642060.734368,282520.907932,-59834.516127,-2121455.222482,0.851983,0.702984,0.530499,0.333400,0.128400,29659.940000,31241.540000,70137.570000,36878.770000,41567.250000
2020-11-17,294261.838968,69344.320701,40926.199429,-3733.195307,-326478.987442,0.851983,0.702984,0.530499,0.333400,0.128400,29659.940000,31241.540000,70137.570000,36878.770000,41567.250000
2020-11-18,909609.015258,510072.351228,183115.033354,-14645.533413,-1610583.031593,0.851983,0.702984,0.530499,0.333400,0.128400,29659.940000,31241.540000,70137.570000,36878.770000,41567.250000
2020-11-19,817633.548627,421816.620058,115448.807968,-11161.865833,-1377054.806859,0.851983,0.702984,0.530499,0.333400,0.128400,29659.940000,31241.540000,70137.570000,36878.770000,41567.250000
2020-11-23,837814.707259,289118.087700,79292.225907,-33060.117861,-1247699.449260,0.851983,0.702984,0.530499,0.333400,0.128400,29659.940000,31241.540000,70137.570000,36878.770000,41567.250000
2020-11-24,-38357.822084,-18569.276057,-950.364389,-2761.889205,35719.785633,0.851983,0.702984,0.530499,0.333400,0.128400,29659.940000,31241.540000,70137.570000,36878.770000,41567.250000
2020-11-25,2320.309546,-11172.595947,-4726.245437,-7464.577652,13497.428580,0.851983,0.702984,0.530499,0.333400,0.128400,29659.940000,31241.540000,70137.570000,36878.770000,41567.250000
2020-11-26,-2245.228803,-7448.308100,-568.112198,-4475.354781,-3396.123668,0.851983,0.702984,0.530499,0.333400,0.128400,29659.940000,31241.540000,70137.570000,36878.770000,41567.250000
2020-11-30,39090.864832,13740.723868,-96135.746695,164375.673447,-158474.441479,0.851983,0.702984,0.530499,0.333400,0.128400,29659.940000,31241.540000,70137.570000,36878.770000,41567.250000
2020-12-01,29827.325176,10911.414536,25422.327372,-10982.653451,-78521.400295,0.835334,0.701644,0.527572,0.324286,0.108865,27292.680000,29182.350000,70982.810000,38066.590000,48152.020000
2020-12-02,4776.775089,-2229.460792,7992.939550,-3946.900316,-31984.919475,0.835334,0.701644,0.527572,0.324286,0.108865,27292.680000,29182.350000,70982.810000,38066.590000,48152.020000
2020-12-03,9372.234445,2260.989606,5525.841009,-2173.856479,-31924.714825,0.835334,0.701644,0.527572,0.324286,0.108865,27292.680000,29182.350000,70982.810000,38066.590000,48152.020000
2020-12-07,82682.145167,22574.211907,14614.831733,-12070.790102,-126180.090999,0.835334,0.701644,0.527572,0.324286,0.108865,27292.680000,29182.350000,70982.810000,38066.590000,48152.020000
2020-12-08,-433691.407950,-239501.498697,-72290.342633,-6741.627927,760957.620039,0.835334,0.701644,0.527572,0.324286,0.108865,27292.680000,29182.350000,70982.810000,38066.590000,48152.020000
2020-12-09,-107653.220287,-74530.913196,-15456.708863,-12583.649352,207284.283175,0.835334,0.701644,0.527572,0.324286,0.108865,27292.680000,29182.350000,70982.810000,38066.590000,48152.020000
2020-12-10,14234.853834,7925.945997,2406.372220,-25007.809479,-17064.545775,0.835334,0.701644,0.527572,0.324286,0.108865,27292.680000,29182.350000,70982.810000,38066.590000,48152.020000
2020-12-14,-208517.410661,-435946.619505,-446749.238046,-251997.086089,-105017.325601,0.835334,0.701644,0.527572,0.324286,0.108865,27292.680000,29182.350000,70982.810000,38066.590000,48152.020000
2020-12-15,-169612.353400,-305595.741212,-388615.517826,-205736.101303,-205689.528899,0.835334,0.701644,0.527572,0.324286,0.108865,27292.680000,29182.350000,70982.810000,38066.590000,48152.020000
2020-12-16,-119455.393975,-235348.227867,-398854.237586,-177189.683682,-136080.995002,0.835334,0.701644,0.527572,0.324286,0.108865,27292.680000,29182.350000,70982.810000,38066.590000,48152.020000
2020-12-17,-55197.065552,-289239.197876,-215199.001401,-99319.484860,-82688.764244,0.835334,0.701644,0.527572,0.324286,0.108865,27292.680000,29182.350000,70982.810000,38066.590000,48152.020000
2020-12-21,-127939.944200,-208166.957490,-394559.864184,-226132.943489,-146497.101728,0.835334,0.701644,0.527572,0.324286,0.108865,27292.680000,29182.350000,70982.810000,38066.590000,48152.020000
2020-12-22,-869252.057780,-456497.487744,-176498.709137,-15028.715662,1430516.748177,0.835334,0.701644,0.527572,0.324286,0.108865,27292.680000,29182.350000,70982.810000,38066.590000,48152.020000
2020-12-23,-577886.079037,-317354.916223,-108745.965138,-23094.189382,948314.378787,0.835334,0.701644,0.527572,0.324286,0.108865,27292.680000,29182.350000,70982.810000,38066.590000,48152.020000
2020-12-28,-300210.452354,-230192.437363,-365585.920191,-159125.993098,164479.324648,0.835334,0.701644,0.527572,0.324286,0.108865,27292.680000,29182.350000,70982.810000,38066.590000,48152.020000
2020-12-29,-144974.141792,-128626.158124,-338682.042107,-147052.376620,-185193.670249,0.835334,0.701644,0.527572,0.324286,0.108865,27292.680000,29182.350000,70982.810000,38066.590000,48152.020000
2020-12-30,-40608.689991,-57816.789314,-144483.067865,83109.028331,-31334.283059,0.835334,0.701644,0.527572,0.324286,0.108865,27292.680000,29182.350000,70982.810000,38066.590000,48152.020000
2021-01-04,55362.367356,-25724.736137,-222877.329182,-105743.607658,-249126.339841,0.848639,0.701413,0.532056,0.331123,0.119516,30332.070000,30582.370000,70215.470000,37054.520000,41737.100000
2021-01-05,27591.959855,12763.118336,-59317.426732,-40747.698452,-139316.595225,0.848639,0.701413,0.532056,0.331123,0.119516,30332.070000,30582.370000,70215.470000,37054.520000,41737.100000
2021-01-06,-32361.411034,-38307.108870,-73341.320236,-40949.852461,-37502.087192,0.848639,0.701413,0.532056,0.331123,0.119516,30332.070000,30582.370000,70215.470000,37054.520000,41737.100000
2021-01-07,-18603.933226,-27965.548454,-50444.350444,-32396.101189,-51429.147117,0.848639,0.701413,0.532056,0.331123,0.119516,30332.070000,30582.370000,70215.470000,37054.520000,41737.100000
2021-01-11,-2707.486214,-31107.534531,-21979.845484,-37900.027235,-29607.354478,0.848639,0.701413,0.532056,0.331123,0.119516,30332.070000,30582.370000,70215.470000,37054.520000,41737.100000
2021-01-12,939830.814572,508834.628695,128741.191411,-63244.503081,-1626570.142419,0.848639,0.701413,0.532056,0.331123,0.119516,30332.070000,30582.370000,70215.470000,37054.520000,41737.100000
2021-01-13,817808.029590,402468.524374,116926.119909,-13886.956063,-1264986.830768,0.848639,0.701413,0.532056,0.331123,0.119516,30332.070000,30582.370000,70215.470000,37054.520000,41737.100000
2021-01-14,365037.848808,161222.870712,49688.965811,-28624.618695,-490396.053773,0.848639,0.701413,0.532056,0.331123,0.119516,30332.070000,30582.370000,70215.470000,37054.520000,41737.100000
2021-01-18,138062.133489,81097.805852,36379.944874,-24353.938253,-235052.923067,0.848639,0.701413,0.532056,0.331123,0.119516,30332.070000,30582.370000,70215.470000,37054.520000,41737.100000
2021-01-19,-1379.275946,6070.607942,-3746.390494,-9518.446983,-32393.292569,0.848639,0.701413,0.532056,0.331123,0.119516,30332.070000,30582.370000,70215.470000,37054.520000,41737.100000
2021-01-20,-133313.708483,-52402.826200,-21582.249203,-9287.266585,173217.854210,0.848639,0.701413,0.532056,0.331123,0.119516,30332.070000,30582.370000,70215.470000,37054.520000,41737.100000
2021-01-21,-58445.152496,-31119.795086,-12167.842704,-85.298590,66016.741929,0.848639,0.701413,0.532056,0.331123,0.119516,30332.070000,30582.370000,70215.470000,37054.520000,41737.100000
2021-01-25,-20451.268145,-22835.092282,-14112.846647,-25343.490418,-23170.627160,0.848639,0.701413,0.532056,0.331123,0.119516,30332.070000,30582.370000,70215.470000,37054.520000,41737.100000
2021-01-26,-2533.447584,-2783.142071,311.163213,-4355.387918,-9006.455436,0.848639,0.701413,0.532056,0.331123,0.119516,30332.070000,30582.370000,70215.470000,37054.520000,41737.100000
2021-01-27,24878.420683,-4944.504152,-1601.894856,-650.746810,-11674.636936,0.848639,0.701413,0.532056,0.331123,0.119516,30332.070000,30582.370000,70215.470000,37054.520000,41737.100000
2021-01-28,-60083.928577,-31010.663265,-22914.615716,-6991.750322,95532.802891,0.848639,0.701413,0.532056,0.331123,0.119516,30332.070000,30582.370000,70215.470000,37054.520000,41737.100000
2021-02-01,14488.226723,-7988.435038,-113524.274815,153601.380703,-113151.754491,0.841269,0.688699,0.524274,0.324921,0.114753,31549.550000,31774.030000,72097.860000,37697.350000,42164.790000
2021-02-02,-12375.762284,-3168.581065,-4510.722134,12870.658550,-23263.608050,0.841269,0.688699,0.524274,0.324921,0.114753,31549.550000,31774.030000,72097.860000,37697.350000,42164.790000
2021-02-03,7263.332914,-10345.893717,106.692233,-1038.458158,3541.942508,0.841269,0.688699,0.524274,0.324921,0.114753,31549.550000,31774.030000,72097.860000,37697.350000,42164.790000
2021-02-04,-79121.374676,-35919.363878,-17661.348736,-1195.705145,112375.456374,0.841269,0.688699,0.524274,0.324921,0.114753,31549.550000,31774.030000,72097.860000,37697.350000,42164.790000
2021-02-08,18771.738027,7872.821264,8238.718232,-15564.523218,-49052.202556,0.841269,0.688699,0.524274,0.324921,0.114753,31549.550000,31774.030000,72097.860000,37697.350000,42164.790000
2021-02-09,12081.596088,5938.167228,12738.230691,-3585.678146,-22169.776766,0.841269,0.688699,0.524274,0.324921,0.114753,31549.550000,31774.030000,72097.860000,37697.350000,42164.790000
2021-02-10,98475.472712,40158.612286,27857.234111,-18628.216373,-139831.274874,0.841269,0.688699,0.524274,0.324921,0.114753,31549.550000,31774.030000,72097.860000,37697.350000,42164.790000
2021-02-11,136871.066793,71036.188811,16927.020030,-36499.821244,-209570.244595,0.841269,0.688699,0.524274,0.324921,0.114753,31549.550000,31774.030000,72097.860000,37697.350000,42164.790000
2021-02-15,81349.938425,79033.405446,71354.111428,-40868.480788,-115770.049293,0.841269,0.688699,0.524274,0.324921,0.114753,31549.550000,31774.030000,72097.860000,37697.350000,42164.790000
2021-02-16,22400.262839,31577.142575,24041.303596,8933.047573,-1318.633599,0.841269,0.688699,0.524274,0.324921,0.114753,31549.550000,31774.030000,72097.860000,37697.350000,42164.790000
2021-02-17,12949.132266,9632.467090,13119.843736,-1281.874893,-16575.779395,0.841269,0.688699,0.524274,0.324921,0.114753,31549.550000,31774.030000,72097.860000,37697.350000,42164.790000
2021-02-18,6028.925314,-696.241777,5131.224644,-7559.984712,-22944.297553,0.841269,0.688699,0.524274,0.324921,0.114753,31549.550000,31774.030000,72097.860000,37697.350000,42164.790000
2021-02-22,26400.465795,3174.622935,13675.291508,-12706.096905,-70219.763514,0.841269,0.688699,0.524274,0.324921,0.114753,31549.550000,31774.030000,72097.860000,37697.350000,42164.790000
2021-02-23,-154185.052386,-66409.826940,-12813.232996,-2425.543904,224248.152501,0.841269,0.688699,0.524274,0.324921,0.114753,31549.550000,31774.030000,72097.860000,37697.350000,42164.790000
2021-02-24,-44707.192586,-29154.265731,-6227.975753,-4044.707478,64945.715802,0.841269,0.688699,0.524274,0.324921,0.114753,31549.550000,31774.030000,72097.860000,37697.350000,42164.790000
2021-02-25,262.043711,-3589.603646,2388.635619,518.197688,-15237.516427,0.841269,0.688699,0.524274,0.324921,0.114753,31549.550000,31774.030000,72097.860000,37697.350000,42164.790000
2021-03-01,-42141.214862,-21672.107808,-83342.937032,117601.002641,-24234.526622,0.823668,0.677963,0.509709,0.321464,0.105239,30056.350000,30712.520000,76041.970000,35714.130000,34341.740000
2021-03-02,-452169.311538,-212808.688329,2043966.746066,-11981.313612,-1379073.823257,0.823668,0.677963,0.509709,0.321464,0.105239,30056.350000,30712.520000,76041.970000,35714.130000,34341.740000
2021-03-03,-243850.110827,-151997.362813,1658600.955942,-26106.746556,-1206606.455042,0.823668,0.677963,0.509709,0.321464,0.105239,30056.350000,30712.520000,76041.970000,35714.130000,34341.740000
2021-03-04,-16992.027336,-15080.828093,791437.387976,-19712.135236,-760021.523013,0.823668,0.677963,0.509709,0.321464,0.105239,30056.350000,30712.520000,76041.970000,35714.130000,34341.740000
2021-03-08,111993.466182,80612.886165,423347.653589,-38403.574620,-636230.048480,0.823668,0.677963,0.509709,0.321464,0.105239,30056.350000,30712.520000,76041.970000,35714.130000,34341.740000
2021-03-09,4952.020837,11003.299371,43955.950274,-4696.811266,-68024.303314,0.823668,0.677963,0.509709,0.321464,0.105239,30056.350000,30712.520000,76041.970000,35714.130000,34341.740000
2021-03-10,8462.333815,5659.258467,27894.828593,-12215.857134,-34922.893319,0.823668,0.677963,0.509709,0.321464,0.105239,30056.350000,30712.520000,76041.970000,35714.130000,34341.740000
2021-03-11,22615.151315,21902.904400,16854.955542,-16758.844825,-55942.784629,0.823668,0.677963,0.509709,0.321464,0.105239,30056.350000,30712.520000,76041.970000,35714.130000,34341.740000
2021-03-15,43770.995979,63064.951246,97777.689292,-60955.319739,-99547.114778,0.823668,0.677963,0.509709,0.321464,0.105239,30056.350000,30712.520000,76041.970000,35714.130000,34341.740000
2021-03-16,25431.936906,35397.297414,46769.756895,254.502457,-13962.970780,0.823668,0.677963,0.509709,0.321464,0.105239,30056.350000,30712.520000,76041.970000,35714.130000,34341.740000
2021-03-17,7688.000551,10270.929222,11608.825611,-1015.523784,-14851.304047,0.823668,0.677963,0.509709,0.321464,0.105239,30056.350000,30712.520000,76041.970000,35714.130000,34341.740000
2021-03-18,986.754645,-2277.936071,638.915512,-4818.778520,-18418.495740,0.823668,0.677963,0.509709,0.321464,0.105239,30056.350000,30712.520000,76041.970000,35714.130000,34341.740000
2021-03-22,-8359.216570,-2340.352960,-18128.989170,-15659.484577,-63324.278504,0.823668,0.677963,0.509709,0.321464,0.105239,30056.350000,30712.520000,76041.970000,35714.130000,34341.740000
2021-03-23,-10348.346434,-2796.908951,2163.545267,1472.722912,223.186041,0.823668,0.677963,0.509709,0.321464,0.105239,30056.350000,30712.520000,76041.970000,35714.130000,34341.740000
2021-03-24,-3011.791842,-5917.942074,4448.316570,-7370.575939,-17068.151897,0.823668,0.677963,0.509709,0.321464,0.105239,30056.350000,30712.520000,76041.970000,35714.130000,34341.740000
2021-03-25,-8955.695122,-3539.517751,-2423.309468,-4315.852813,-14860.529549,0.823668,0.677963,0.509709,0.321464,0.105239,30056.350000,30712.520000,76041.970000,35714.130000,34341.740000
2021-03-29,-60344.139316,-27637.825583,-6097.651180,-16744.402991,49470.351026,0.823668,0.677963,0.509709,0.321464,0.105239,30056.350000,30712.520000,76041.970000,35714.130000,34341.740000
2021-03-30,-2235.399380,-19780.569594,-6420.790265,2051.440943,52479.819414,0.823668,0.677963,0.509709,0.321464,0.105239,30056.350000,30712.520000,76041.970000,35714.130000,34341.740000
2021-03-31,-116795.597670,-44714.153312,-118535.622355,158067.624147,106999.657745,0.823668,0.677963,0.509709,0.321464,0.105239,30056.350000,30712.520000,76041.970000,35714.130000,34341.740000
2021-04-05,-353954.797813,-170334.691728,-447436.288788,-20927.774677,-102910.887308,0.827959,0.681145,0.521671,0.318351,0.099647,30796.590000,31654.620000,79565.050000,36363.530000,33544.480000
2021-04-06,25757.530034,14697.773272,2503.315439,-5178.964507,-68216.793571,0.827959,0.681145,0.521671,0.318351,0.099647,30796.590000,31654.620000,79565.050000,36363.530000,33544.480000
2021-04-07,22413.479425,10423.873803,14817.143952,-1808.598902,-45268.899988,0.827959,0.681145,0.521671,0.318351,0.099647,30796.590000,31654.620000,79565.050000,36363.530000,33544.480000
2021-04-08,11668.658007,6887.070878,4165.626874,-5206.551040,-29389.077127,0.827959,0.681145,0.521671,0.318351,0.099647,30796.590000,31654.620000,79565.050000,36363.530000,33544.480000
2021-04-12,-94882.077470,-3299.250770,10360.243035,-33536.320622,83381.898135,0.827959,0.681145,0.521671,0.318351,0.099647,30796.590000,31654.620000,79565.050000,36363.530000,33544.480000
2021-04-13,-15873.772463,12143.409254,48171.888569,-23189.847278,22939.950508,0.827959,0.681145,0.521671,0.318351,0.099647,30796.590000,31654.620000,79565.050000,36363.530000,33544.480000
2021-04-14,28795.732334,47792.709209,74385.678382,-8418.990674,8144.003580,0.827959,0.681145,0.521671,0.318351,0.099647,30796.590000,31654.620000,79565.050000,36363.530000,33544.480000
2021-04-15,6073.044725,32643.454122,37279.511196,-7281.506441,-14242.383535,0.827959,0.681145,0.521671,0.318351,0.099647,30796.590000,31654.620000,79565.050000,36363.530000,33544.480000
2021-04-19,-15679.098148,-23430.063774,24046.577319,-22287.653206,-13160.151206,0.827959,0.681145,0.521671,0.318351,0.099647,30796.590000,31654.620000,79565.050000,36363.530000,33544.480000
2021-04-20,-1056119.372339,-799879.318695,1266548.152644,-26248.139907,589034.103239,0.827959,0.681145,0.521671,0.318351,0.099647,30796.590000,31654.620000,79565.050000,36363.530000,33544.480000
2021-04-21,-927573.504037,-379328.534741,959685.510795,-10326.067822,327946.887081,0.827959,0.681145,0.521671,0.318351,0.099647,30796.590000,31654.620000,79565.050000,36363.530000,33544.480000
2021-04-22,-442895.207166,-81657.803146,408564.410617,-9896.679255,102425.717311,0.827959,0.681145,0.521671,0.318351,0.099647,30796.590000,31654.620000,79565.050000,36363.530000,33544.480000
2021-04-26,-187835.248513,-82467.075165,245288.981277,-16605.574906,1978.038995,0.827959,0.681145,0.521671,0.318351,0.099647,30796.590000,31654.620000,79565.050000,36363.530000,33544.480000
2021-04-27,973857.217149,731637.077689,-969307.023680,-10138.487840,-700949.989012,0.827959,0.681145,0.521671,0.318351,0.099647,30796.590000,31654.620000,79565.050000,36363.530000,33544.480000
2021-04-28,830044.597911,411381.072781,-734165.310158,-9399.656899,-521318.342141,0.827959,0.681145,0.521671,0.318351,0.099647,30796.590000,31654.620000,79565.050000,36363.530000,33544.480000
2021-04-29,583995.779752,112459.002324,-309111.118865,1178.713511,-412326.896246,0.827959,0.681145,0.521671,0.318351,0.099647,30796.590000,31654.620000,79565.050000,36363.530000,33544.480000
2021-05-03,228943.092322,89457.743411,-251023.068340,129261.648371,-298628.897471,0.815312,0.694614,0.560095,0.340352,0.100472,27911.760000,28453.900000,70932.540000,33459.070000,35624.760000
2021-05-04,20417.404089,-880.013560,-27658.450795,-23288.099083,-69206.643326,0.815312,0.694614,0.560095,0.340352,0.100472,27911.760000,28453.900000,70932.540000,33459.070000,35624.760000
2021-05-05,-148603.045250,-399914.361269,-526084.430560,-230353.931707,-335901.099812,0.815312,0.694614,0.560095,0.340352,0.100472,27911.760000,28453.900000,70932.540000,33459.070000,35624.760000
2021-05-06,-357872.316277,-435533.345713,-1090293.720076,-383180.637037,-405622.391683,0.815312,0.694614,0.560095,0.340352,0.100472,27911.760000,28453.900000,70932.540000,33459.070000,35624.760000
2021-05-10,-262263.150891,-439839.270058,-826138.409329,-449452.129638,-255492.317228,0.815312,0.694614,0.560095,0.340352,0.100472,27911.760000,28453.900000,70932.540000,33459.070000,35624.760000
2021-05-11,-12016.701533,-10015.729722,-107334.985393,-58239.344081,-42904.310820,0.815312,0.694614,0.560095,0.340352,0.100472,27911.760000,28453.900000,70932.540000,33459.070000,35624.760000
2021-05-12,-978960.901428,-707898.459232,1185374.840480,-20502.336024,536644.687557,0.815312,0.694614,0.560095,0.340352,0.100472,27911.760000,28453.900000,70932.540000,33459.070000,35624.760000
2021-05-13,-844691.624886,-347225.306818,753757.995865,-71155.701776,336070.244660,0.815312,0.694614,0.560095,0.340352,0.100472,27911.760000,28453.900000,70932.540000,33459.070000,35624.760000
2021-05-17,-490604.800588,-223952.923168,379050.132286,-74970.679390,137473.951733,0.815312,0.694614,0.560095,0.340352,0.100472,27911.760000,28453.900000,70932.540000,33459.070000,35624.760000
2021-05-18,-131401.382902,-85738.122768,-981994.156403,-12005.553546,1147703.898973,0.815312,0.694614,0.560095,0.340352,0.100472,27911.760000,28453.900000,70932.540000,33459.070000,35624.760000
2021-05-19,-92388.621738,-72290.669663,-962490.022358,-15541.184335,1026885.372813,0.815312,0.694614,0.560095,0.340352,0.100472,27911.760000,28453.900000,70932.540000,33459.070000,35624.760000
2021-05-24,-137968.501331,-146823.916471,-1340082.437900,-102333.067869,1238236.164003,0.815312,0.694614,0.560095,0.340352,0.100472,27911.760000,28453.900000,70932.540000,33459.070000,35624.760000
2021-05-25,204.860499,-21287.232336,-46648.364839,-13801.863626,11649.323088,0.815312,0.694614,0.560095,0.340352,0.100472,27911.760000,28453.900000,70932.540000,33459.070000,35624.760000
2021-05-26,33667.191862,-189.775280,-22033.858787,-12110.383397,-27500.457488,0.815312,0.694614,0.560095,0.340352,0.100472,27911.760000,28453.900000,70932.540000,33459.070000,35624.760000
2021-05-27,58742.420486,22301.764742,-21566.758953,-15800.941925,-121543.427076,0.815312,0.694614,0.560095,0.340352,0.100472,27911.760000,28453.900000,70932.540000,33459.070000,35624.760000
2021-05-31,1556160.801240,999842.105919,-1968158.120381,82370.066205,-876386.955908,0.815312,0.694614,0.560095,0.340352,0.100472,27911.760000,28453.900000,70932.540000,33459.070000,35624.760000
2021-06-01,387855.703027,94046.817499,-375778.533476,-18765.798537,-121250.668152,0.855223,0.710930,0.561352,0.342819,0.107609,29089.160000,29114.420000,67970.840000,32035.020000,32805.020000
2021-06-02,94785.792126,59943.174054,-57435.397684,-13574.827843,-65169.454797,0.855223,0.710930,0.561352,0.342819,0.107609,29089.160000,29114.420000,67970.840000,32035.020000,32805.020000
2021-06-03,44591.684707,29464.223839,-40964.140997,-12304.016439,-59910.363883,0.855223,0.710930,0.561352,0.342819,0.107609,29089.160000,29114.420000,67970.840000,32035.020000,32805.020000
2021-06-07,-41790.292411,-8044.957046,-61704.876938,112051.040840,-120845.470503,0.855223,0.710930,0.561352,0.342819,0.107609,29089.160000,29114.420000,67970.840000,32035.020000,32805.020000
2021-06-08,7041.904063,2127.618130,-4692.423498,-9875.818585,-38021.010875,0.855223,0.710930,0.561352,0.342819,0.107609,29089.160000,29114.420000,67970.840000,32035.020000,32805.020000
2021-06-09,8093.070852,2359.271050,-3210.418505,-21426.214844,-57340.117127,0.855223,0.710930,0.561352,0.342819,0.107609,29089.160000,29114.420000,67970.840000,32035.020000,32805.020000
2021-06-10,38931.126040,102872.984650,3369.755700,-107339.554902,-63482.927851,0.855223,0.710930,0.561352,0.342819,0.107609,29089.160000,29114.420000,67970.840000,32035.020000,32805.020000
2021-06-14,64407.631074,80560.727365,18853.805923,-93485.993342,-99911.816928,0.855223,0.710930,0.561352,0.342819,0.107609,29089.160000,29114.420000,67970.840000,32035.020000,32805.020000
2021-06-15,48684.636682,56018.875502,54334.993002,-25387.799679,-42903.675449,0.855223,0.710930,0.561352,0.342819,0.107609,29089.160000,29114.420000,67970.840000,32035.020000,32805.020000
2021-06-16,28729.043057,32035.876877,-4266.556115,-12464.008646,-43384.537039,0.855223,0.710930,0.561352,0.342819,0.107609,29089.160000,29114.420000,67970.840000,32035.020000,32805.020000
2021-06-17,33294.558774,16264.181828,-15783.154733,-15668.798298,-72356.775963,0.855223,0.710930,0.561352,0.342819,0.107609,29089.160000,29114.420000,67970.840000,32035.020000,32805.020000
2021-06-21,47879.822606,26610.985959,-938.559845,-38794.260379,-153675.781325,0.855223,0.710930,0.561352,0.342819,0.107609,29089.160000,29114.420000,67970.840000,32035.020000,32805.020000
2021-06-22,34571.557266,11375.830766,8201.804181,-6921.280152,-48827.421413,0.855223,0.710930,0.561352,0.342819,0.107609,29089.160000,29114.420000,67970.840000,32035.020000,32805.020000
2021-06-23,10104.064681,2905.824753,460.339679,-13617.556646,-37720.823869,0.855223,0.710930,0.561352,0.342819,0.107609,29089.160000,29114.420000,67970.840000,32035.020000,32805.020000
2021-06-24,19019.155535,13500.874637,6318.870801,-9839.312278,-40159.181417,0.855223,0.710930,0.561352,0.342819,0.107609,29089.160000,29114.420000,67970.840000,32035.020000,32805.020000
2021-06-28,-9364.145977,-8466.656324,-13227.187471,-20227.225761,-39523.577976,0.855223,0.710930,0.561352,0.342819,0.107609,29089.160000,29114.420000,67970.840000,32035.020000,32805.020000
2021-06-29,23291.338221,16350.433350,16582.391348,-14686.965034,-75115.256146,0.855223,0.710930,0.561352,0.342819,0.107609,29089.160000,29114.420000,67970.840000,32035.020000,32805.020000
2021-06-30,-39594.032694,2401.418854,-91127.340886,132890.648664,-47445.037188,0.855223,0.710930,0.561352,0.342819,0.107609,29089.160000,29114.420000,67970.840000,32035.020000,32805.020000
2021-07-01,84928.292752,56443.946505,112862.125556,-14920.071584,44541.339791,0.863532,0.711987,0.558634,0.339062,0.100024,29229.980000,29230.060000,66680.180000,30510.710000,28438.550000
2021-07-05,102992.927967,41057.758979,-486.943806,-27102.366005,-149080.760628,0.863532,0.711987,0.558634,0.339062,0.100024,29229.980000,29230.060000,66680.180000,30510.710000,28438.550000
2021-07-06,34880.635757,29321.214933,12197.517657,-21754.925311,-92059.882509,0.863532,0.711987,0.558634,0.339062,0.100024,29229.980000,29230.060000,66680.180000,30510.710000,28438.550000
2021-07-07,16605.462596,18408.927047,38830.132825,-14392.416432,-95381.268828,0.863532,0.711987,0.558634,0.339062,0.100024,29229.980000,29230.060000,66680.180000,30510.710000,28438.550000
2021-07-08,6177.592065,13511.795107,33547.644640,-13835.011549,-69431.579695,0.863532,0.711987,0.558634,0.339062,0.100024,29229.980000,29230.060000,66680.180000,30510.710000,28438.550000
2021-07-12,76949.922949,87181.162891,124099.259195,-61027.882224,-262652.501049,0.863532,0.711987,0.558634,0.339062,0.100024,29229.980000,29230.060000,66680.180000,30510.710000,28438.550000
2021-07-13,31546.582683,60960.788574,72833.243302,-44544.582414,-114906.709527,0.863532,0.711987,0.558634,0.339062,0.100024,29229.980000,29230.060000,66680.180000,30510.710000,28438.550000
2021-07-14,30336.262903,-6315.337335,83341.377081,-30637.606060,18275.679359,0.863532,0.711987,0.558634,0.339062,0.100024,29229.980000,29230.060000,66680.180000,30510.710000,28438.550000
2021-07-19,109806.839148,113900.183931,155230.980156,-40761.150351,-235960.756047,0.863532,0.711987,0.558634,0.339062,0.100024,29229.980000,29230.060000,66680.180000,30510.710000,28438.550000
2021-07-20,26446.134051,33313.151594,48330.085394,-17686.554713,-115050.725135,0.863532,0.711987,0.558634,0.339062,0.100024,29229.980000,29230.060000,66680.180000,30510.710000,28438.550000
2021-07-21,40104.703238,108889.871922,42410.995784,-21787.889721,-190156.478174,0.863532,0.711987,0.558634,0.339062,0.100024,29229.980000,29230.060000,66680.180000,30510.710000,28438.550000
2021-07-22,18315.099324,26370.766497,28243.361149,-17350.829939,-91192.944034,0.863532,0.711987,0.558634,0.339062,0.100024,29229.980000,29230.060000,66680.180000,30510.710000,28438.550000
2021-07-26,4952.263802,39010.016538,92677.329635,-21428.998748,-197190.530186,0.863532,0.711987,0.558634,0.339062,0.100024,29229.980000,29230.060000,66680.180000,30510.710000,28438.550000
2021-07-27,26600.558712,16041.185906,42458.972525,-8325.458936,-91079.517001,0.863532,0.711987,0.558634,0.339062,0.100024,29229.980000,29230.060000,66680.180000,30510.710000,28438.550000
2021-07-28,9139.474870,9553.554144,44971.180207,-11235.296130,-88979.283097,0.863532,0.711987,0.558634,0.339062,0.100024,29229.980000,29230.060000,66680.180000,30510.710000,28438.550000
2021-07-29,33774.147136,24878.588828,38204.125888,-8024.634139,-118755.257566,0.863532,0.711987,0.558634,0.339062,0.100024,29229.980000,29230.060000,66680.180000,30510.710000,28438.550000
2021-08-02,87350.008367,110746.679013,12511.227471,92509.793407,-364323.441066,0.861765,0.708688,0.549619,0.323374,0.092315,30248.960000,30117.320000,67245.270000,29840.960000,25592.870000
2021-08-03,44156.597146,32867.708661,30920.075507,-17552.115782,-123614.789963,0.861765,0.708688,0.549619,0.323374,0.092315,30248.960000,30117.320000,67245.270000,29840.960000,25592.870000
2021-08-04,34567.410929,14886.559624,13618.068808,-15023.500481,-97853.057873,0.861765,0.708688,0.549619,0.323374,0.092315,30248.960000,30117.320000,67245.270000,29840.960000,25592.870000
2021-08-05,39959.488690,9183.798068,20956.498858,-9904.451930,-54092.177374,0.861765,0.708688,0.549619,0.323374,0.092315,30248.960000,30117.320000,67245.270000,29840.960000,25592.870000
2021-08-09,63967.539007,70778.578447,74532.105993,-48517.834390,-219850.988833,0.861765,0.708688,0.549619,0.323374,0.092315,30248.960000,30117.320000,67245.270000,29840.960000,25592.870000
2021-08-10,46043.041991,59909.710644,38447.781763,-18312.030845,-124543.241972,0.861765,0.708688,0.549619,0.323374,0.092315,30248.960000,30117.320000,67245.270000,29840.960000,25592.870000
2021-08-11,48785.247926,58220.723760,19739.856676,-32091.702128,-113148.660969,0.861765,0.708688,0.549619,0.323374,0.092315,30248.960000,30117.320000,67245.270000,29840.960000,25592.870000
2021-08-12,43931.063727,55407.601435,38807.796221,-33274.628841,-88982.183624,0.861765,0.708688,0.549619,0.323374,0.092315,30248.960000,30117.320000,67245.270000,29840.960000,25592.870000
2021-08-16,158969.682026,166327.617694,124025.309767,-65270.612813,-275264.355021,0.861765,0.708688,0.549619,0.323374,0.092315,30248.960000,30117.320000,67245.270000,29840.960000,25592.870000
2021-08-17,59712.030885,68368.008230,59788.857974,-14620.439249,-107301.676165,0.861765,0.708688,0.549619,0.323374,0.092315,30248.960000,30117.320000,67245.270000,29840.960000,25592.870000
2021-08-18,48914.065726,38814.879542,37333.737700,-24185.114656,-122128.569666,0.861765,0.708688,0.549619,0.323374,0.092315,30248.960000,30117.320000,67245.270000,29840.960000,25592.870000
2021-08-19,22479.061094,18986.693982,15479.177874,-14074.503218,-71756.963029,0.861765,0.708688,0.549619,0.323374,0.092315,30248.960000,30117.320000,67245.270000,29840.960000,25592.870000
2021-08-23,-43498.460010,-72263.284027,35166.360926,-35409.574469,55404.502547,0.861765,0.708688,0.549619,0.323374,0.092315,30248.960000,30117.320000,67245.270000,29840.960000,25592.870000
2021-08-24,-29511.773475,-14048.731225,50414.075767,-10835.675777,-10105.298834,0.861765,0.708688,0.549619,0.323374,0.092315,30248.960000,30117.320000,67245.270000,29840.960000,25592.870000
2021-08-25,7659.927580,-3071.623245,26362.751462,-10521.464974,-34344.585686,0.861765,0.708688,0.549619,0.323374,0.092315,30248.960000,30117.320000,67245.270000,29840.960000,25592.870000
2021-08-26,3048.221017,6710.013628,16829.707452,-12405.768039,-37659.369727,0.861765,0.708688,0.549619,0.323374,0.092315,30248.960000,30117.320000,67245.270000,29840.960000,25592.870000
2021-08-30,73850.945034,52443.899617,72095.971054,-31751.275246,-200189.131146,0.861765,0.708688,0.549619,0.323374,0.092315,30248.960000,30117.320000,67245.270000,29840.960000,25592.870000
2021-08-31,-13102.078144,22175.096352,-73147.977967,144160.412310,-88938.556227,0.861765,0.708688,0.549619,0.323374,0.092315,30248.960000,30117.320000,67245.270000,29840.960000,25592.870000
2021-09-01,47706.238463,38043.718582,31867.248916,-22032.158057,-91812.786394,0.878647,0.722080,0.551710,0.313553,0.081646,29440.350000,29501.180000,64921.570000,27954.230000,22463.030000
2021-09-02,16869.234404,19491.235743,2044.097789,-13704.642340,-63116.784786,0.878647,0.722080,0.551710,0.313553,0.081646,29440.350000,29501.180000,64921.570000,27954.230000,22463.030000
2021-09-06,96197.763860,90199.572618,63204.080432,-47949.016838,-258210.520953,0.878647,0.722080,0.551710,0.313553,0.081646,29440.350000,29501.180000,64921.570000,27954.230000,22463.030000
2021-09-07,37563.055339,35641.589014,41528.946672,-20870.139550,-105688.252232,0.878647,0.722080,0.551710,0.313553,0.081646,29440.350000,29501.180000,64921.570000,27954.230000,22463.030000
2021-09-08,81070.602453,51895.250563,37510.604068,-38674.149855,-132798.182413,0.878647,0.722080,0.551710,0.313553,0.081646,29440.350000,29501.180000,64921.570000,27954.230000,22463.030000
2021-09-09,140098.470750,70633.380690,6175.739866,-29170.456452,-198979.574922,0.878647,0.722080,0.551710,0.313553,0.081646,29440.350000,29501.180000,64921.570000,27954.230000,22463.030000
2021-09-13,124452.689729,131376.775758,25622.604666,-77552.453701,-223464.444524,0.878647,0.722080,0.551710,0.313553,0.081646,29440.350000,29501.180000,64921.570000,27954.230000,22463.030000
2021-09-14,32869.210436,61345.621299,62698.819290,-945.983290,-26649.187320,0.878647,0.722080,0.551710,0.313553,0.081646,29440.350000,29501.180000,64921.570000,27954.230000,22463.030000
2021-09-15,64132.361125,82057.450640,68208.027525,-4902.365052,-59248.144566,0.878647,0.722080,0.551710,0.313553,0.081646,29440.350000,29501.180000,64921.570000,27954.230000,22463.030000
2021-09-20,39654.098940,51594.311857,20439.332465,-35452.099752,-122988.734455,0.878647,0.722080,0.551710,0.313553,0.081646,29440.350000,29501.180000,64921.570000,27954.230000,22463.030000
2021-09-21,20697.354288,30019.985604,27114.273751,-12011.680400,-66847.577826,0.878647,0.722080,0.551710,0.313553,0.081646,29440.350000,29501.180000,64921.570000,27954.230000,22463.030000
2021-09-22,16973.222062,13666.868795,17134.549768,-12994.924913,-55033.130864,0.878647,0.722080,0.551710,0.313553,0.081646,29440.350000,29501.180000,64921.570000,27954.230000,22463.030000
2021-09-23,-2927.830254,780.047349,7995.373830,-6711.826090,-22505.657773,0.878647,0.722080,0.551710,0.313553,0.081646,29440.350000,29501.180000,64921.570000,27954.230000,22463.030000
2021-09-27,-356227.034392,-210828.376796,145458.685648,14618.326097,395132.801394,0.878647,0.722080,0.551710,0.313553,0.081646,29440.350000,29501.180000,64921.570000,27954.230000,22463.030000
2021-09-28,-26406.798069,-13826.599619,55435.367829,-3858.050020,-31703.545843,0.878647,0.722080,0.551710,0.313553,0.081646,29440.350000,29501.180000,64921.570000,27954.230000,22463.030000
2021-09-29,-38590.208105,-11921.496312,47466.299993,3139.580611,-24341.375846,0.878647,0.722080,0.551710,0.313553,0.081646,29440.350000,29501.180000,64921.570000,27954.230000,22463.030000
2021-09-30,-101726.706373,-35396.765867,-23361.927612,165339.250475,-47328.820616,0.878647,0.722080,0.551710,0.313553,0.081646,29440.350000,29501.180000,64921.570000,27954.230000,22463.030000
2021-10-04,122553.161163,84231.255841,139878.444987,-36810.134454,-331352.917442,0.887565,0.727580,0.545108,0.300563,0.073638,31149.860000,31290.150000,64762.070000,26728.440000,18555.180000
2021-10-05,26105.097207,48665.000068,61339.434234,-22416.354849,-143570.830912,0.887565,0.727580,0.545108,0.300563,0.073638,31149.860000,31290.150000,64762.070000,26728.440000,18555.180000
2021-10-06,25401.057483,30525.503838,35374.413624,-22123.570809,-112766.869681,0.887565,0.727580,0.545108,0.300563,0.073638,31149.860000,31290.150000,64762.070000,26728.440000,18555.180000
2021-10-07,38020.413971,23693.475602,22446.327250,-12770.193295,-69032.381572,0.887565,0.727580,0.545108,0.300563,0.073638,31149.860000,31290.150000,64762.070000,26728.440000,18555.180000
2021-10-11,50216.979642,57688.164532,23551.666085,-50179.618350,-143916.263871,0.887565,0.727580,0.545108,0.300563,0.073638,31149.860000,31290.150000,64762.070000,26728.440000,18555.180000
2021-10-12,82977.001748,82168.979579,34335.246966,-31668.556169,-172235.993384,0.887565,0.727580,0.545108,0.300563,0.073638,31149.860000,31290.150000,64762.070000,26728.440000,18555.180000
2021-10-13,71116.663083,73511.539066,43579.204094,-53899.071824,-112848.067296,0.887565,0.727580,0.545108,0.300563,0.073638,31149.860000,31290.150000,64762.070000,26728.440000,18555.180000
2021-10-14,74775.651431,97506.397083,53708.769851,-10594.425200,-59441.833767,0.887565,0.727580,0.545108,0.300563,0.073638,31149.860000,31290.150000,64762.070000,26728.440000,18555.180000
2021-10-18,171205.896111,182613.054271,1886.128223,-45716.899957,-214150.685324,0.887565,0.727580,0.545108,0.300563,0.073638,31149.860000,31290.150000,64762.070000,26728.440000,18555.180000
2021-10-19,95706.827497,100444.855851,19174.261962,-35658.167085,-197184.888933,0.887565,0.727580,0.545108,0.300563,0.073638,31149.860000,31290.150000,64762.070000,26728.440000,18555.180000
2021-10-20,85002.845063,110854.314760,26571.261100,-41679.058791,-220186.398719,0.887565,0.727580,0.545108,0.300563,0.073638,31149.860000,31290.150000,64762.070000,26728.440000,18555.180000
2021-10-21,57646.861087,78158.313146,-14947.921764,-26035.642204,-130673.311597,0.887565,0.727580,0.545108,0.300563,0.073638,31149.860000,31290.150000,64762.070000,26728.440000,18555.180000
2021-10-25,96960.246629,141351.858697,-34504.589302,-65343.605430,-216777.030507,0.887565,0.727580,0.545108,0.300563,0.073638,31149.860000,31290.150000,64762.070000,26728.440000,18555.180000
2021-10-26,36675.985893,43088.827793,1993.291648,-26484.115592,-79632.764519,0.887565,0.727580,0.545108,0.300563,0.073638,31149.860000,31290.150000,64762.070000,26728.440000,18555.180000
2021-10-27,37276.648007,54066.314294,-5503.608811,-31467.567917,-74329.760599,0.887565,0.727580,0.545108,0.300563,0.073638,31149.860000,31290.150000,64762.070000,26728.440000,18555.180000
2021-10-28,28438.848763,40117.182366,-6937.530193,-22032.166713,-68730.499009,0.887565,0.727580,0.545108,0.300563,0.073638,31149.860000,31290.150000,64762.070000,26728.440000,18555.180000
2021-11-01,-14184.710342,56649.944067,-107858.974813,129802.290005,-108458.849507,0.883489,0.723169,0.536941,0.294747,0.068177,31712.530000,32074.230000,63759.330000,26350.650000,17095.890000
2021-11-02,57086.680407,58486.276303,974.136813,-30502.911348,-101156.030915,0.883489,0.723169,0.536941,0.294747,0.068177,31712.530000,32074.230000,63759.330000,26350.650000,17095.890000
2021-11-03,92042.213757,112569.218677,-48751.608192,-31881.675657,-158106.229944,0.883489,0.723169,0.536941,0.294747,0.068177,31712.530000,32074.230000,63759.330000,26350.650000,17095.890000
2021-11-04,160806.235032,189937.456902,-56374.336060,-61298.792115,-253254.401948,0.883489,0.723169,0.536941,0.294747,0.068177,31712.530000,32074.230000,63759.330000,26350.650000,17095.890000
2021-11-08,220531.766417,274917.732694,-3354.344805,-110079.396321,-412371.539151,0.883489,0.723169,0.536941,0.294747,0.068177,31712.530000,32074.230000,63759.330000,26350.650000,17095.890000
2021-11-09,80670.298517,81744.190606,-15836.718414,-50504.725434,-122578.543474,0.883489,0.723169,0.536941,0.294747,0.068177,31712.530000,32074.230000,63759.330000,26350.650000,17095.890000
2021-11-10,33023.724090,37802.166183,-300.800658,-30166.196496,-60266.356058,0.883489,0.723169,0.536941,0.294747,0.068177,31712.530000,32074.230000,63759.330000,26350.650000,17095.890000
2021-11-11,31095.475812,49019.802486,-19167.719518,-46466.640662,-47641.443438,0.883489,0.723169,0.536941,0.294747,0.068177,31712.530000,32074.230000,63759.330000,26350.650000,17095.890000
2021-11-15,133255.714243,150969.966304,9671.126527,-73788.523440,-101714.426289,0.883489,0.723169,0.536941,0.294747,0.068177,31712.530000,32074.230000,63759.330000,26350.650000,17095.890000
2021-11-16,53377.069930,57756.090674,23440.305422,-2646.251620,7766.222131,0.883489,0.723169,0.536941,0.294747,0.068177,31712.530000,32074.230000,63759.330000,26350.650000,17095.890000
2021-11-17,12290.074136,23155.668200,2545.538976,-14357.750882,-18970.369171,0.883489,0.723169,0.536941,0.294747,0.068177,31712.530000,32074.230000,63759.330000,26350.650000,17095.890000
2021-11-18,-16348.134585,-8323.314611,-9893.748731,-9880.913263,-10060.701288,0.883489,0.723169,0.536941,0.294747,0.068177,31712.530000,32074.230000,63759.330000,26350.650000,17095.890000
2021-11-22,-220.078012,-27104.582712,6604.860306,-18349.115488,4500.582855,0.883489,0.723169,0.536941,0.294747,0.068177,31712.530000,32074.230000,63759.330000,26350.650000,17095.890000
2021-11-23,6142.149495,11069.093697,9818.892619,-5407.923260,-39370.402619,0.883489,0.723169,0.536941,0.294747,0.068177,31712.530000,32074.230000,63759.330000,26350.650000,17095.890000
2021-11-24,1881.269901,20992.983902,-1173.224951,-11653.758012,-22700.863164,0.883489,0.723169,0.536941,0.294747,0.068177,31712.530000,32074.230000,63759.330000,26350.650000,17095.890000
2021-11-25,-1108.141065,2923.315761,-10169.845757,-7403.210506,-22315.561174,0.883489,0.723169,0.536941,0.294747,0.068177,31712.530000,32074.230000,63759.330000,26350.650000,17095.890000
2021-11-29,39987.835029,-13143.542082,-24001.378496,-15576.900443,-9454.733216,0.883489,0.723169,0.536941,0.294747,0.068177,31712.530000,32074.230000,63759.330000,26350.650000,17095.890000
2021-11-30,-54008.419304,7816.887714,-102533.830485,149100.243510,-26840.504745,0.883489,0.723169,0.536941,0.294747,0.068177,31712.530000,32074.230000,63759.330000,26350.650000,17095.890000
2021-12-01,28709.137141,1657.930371,-24411.056963,-5699.793343,8611.284865,0.888767,0.728855,0.535988,0.293163,0.071567,31892.760000,32294.270000,63439.420000,26290.160000,16792.410000
2021-12-02,-87231.197075,-62837.052019,-22610.957613,5091.142288,126591.651536,0.888767,0.728855,0.535988,0.293163,0.071567,31892.760000,32294.270000,63439.420000,26290.160000,16792.410000
2021-12-06,-43802.023355,-48439.113467,-6976.385426,-5609.472750,33520.801517,0.888767,0.728855,0.535988,0.293163,0.071567,31892.760000,32294.270000,63439.420000,26290.160000,16792.410000
2021-12-08,-33846.972658,-13050.611412,-4972.014317,-4277.875002,46882.565244,0.888767,0.728855,0.535988,0.293163,0.071567,31892.760000,32294.270000,63439.420000,26290.160000,16792.410000
2021-12-09,-10403.360537,-4127.442227,-1123.678710,-14180.202143,-4156.846844,0.888767,0.728855,0.535988,0.293163,0.071567,31892.760000,32294.270000,63439.420000,26290.160000,16792.410000
2021-12-13,-15889.933441,-4759.822442,-23012.233760,-38785.504062,48748.180423,0.888767,0.728855,0.535988,0.293163,0.071567,31892.760000,32294.270000,63439.420000,26290.160000,16792.410000
2021-12-14,76690.115245,68499.546988,41291.010327,-17400.432677,-65921.774385,0.888767,0.728855,0.535988,0.293163,0.071567,31892.760000,32294.270000,63439.420000,26290.160000,16792.410000
2021-12-15,35122.674260,52886.995814,37894.664353,-6813.443681,-15571.330035,0.888767,0.728855,0.535988,0.293163,0.071567,31892.760000,32294.270000,63439.420000,26290.160000,16792.410000
2021-12-16,-6938.439749,-1482.467850,-4821.969813,-3415.123866,-17687.287701,0.888767,0.728855,0.535988,0.293163,0.071567,31892.760000,32294.270000,63439.420000,26290.160000,16792.410000
2021-12-20,29230.740093,24653.838858,17127.823146,-22552.466250,-130300.927543,0.888767,0.728855,0.535988,0.293163,0.071567,31892.760000,32294.270000,63439.420000,26290.160000,16792.410000
2021-12-21,11151.850579,10369.021250,5666.780634,-3889.836349,-43656.177627,0.888767,0.728855,0.535988,0.293163,0.071567,31892.760000,32294.270000,63439.420000,26290.160000,16792.410000
2021-12-22,5125.627712,3514.000889,-5009.968020,-5067.517729,-24722.362443,0.888767,0.728855,0.535988,0.293163,0.071567,31892.760000,32294.270000,63439.420000,26290.160000,16792.410000
2021-12-23,38526.975628,-2323.014363,-10401.504647,-9077.349501,-18656.239218,0.888767,0.728855,0.535988,0.293163,0.071567,31892.760000,32294.270000,63439.420000,26290.160000,16792.410000
2021-12-27,31294.086556,30743.908365,-22893.938249,-16381.110684,-80676.031794,0.888767,0.728855,0.535988,0.293163,0.071567,31892.760000,32294.270000,63439.420000,26290.160000,16792.410000
2021-12-28,-10659.863548,5684.851552,-6646.910225,-2662.395133,-12921.339085,0.888767,0.728855,0.535988,0.293163,0.071567,31892.760000,32294.270000,63439.420000,26290.160000,16792.410000
2021-12-29,1390.650671,9099.940053,-21914.609847,-7897.163180,-29537.347283,0.888767,0.728855,0.535988,0.293163,0.071567,31892.760000,32294.270000,63439.420000,26290.160000,16792.410000
2021-12-30,-59069.217504,-35.418688,-106314.575363,153794.396027,-12637.266157,0.888767,0.728855,0.535988,0.293163,0.071567,31892.760000,32294.270000,63439.420000,26290.160000,16792.410000
2022-01-03,59142.477941,40485.848509,-27340.962425,-19345.778160,-58517.308954,0.875304,0.706990,0.506300,0.272051,0.063497,30292.590000,31695.090000,63589.430000,27120.230000,18301.350000
2022-01-04,24582.992200,19955.937334,-31308.364974,-17275.211654,-32518.790072,0.875304,0.706990,0.506300,0.272051,0.063497,30292.590000,31695.090000,63589.430000,27120.230000,18301.350000
2022-01-05,55291.260885,12549.253272,-6186.245003,-5793.716967,-16049.622487,0.875304,0.706990,0.506300,0.272051,0.063497,30292.590000,31695.090000,63589.430000,27120.230000,18301.350000
2022-01-06,488.341426,3569.420555,-12515.079881,-3451.032117,-5458.355890,0.875304,0.706990,0.506300,0.272051,0.063497,30292.590000,31695.090000,63589.430000,27120.230000,18301.350000
2022-01-10,17782.841378,13824.603524,-18415.529868,-24232.313034,-19928.501021,0.875304,0.706990,0.506300,0.272051,0.063497,30292.590000,31695.090000,63589.430000,27120.230000,18301.350000
2022-01-11,5299.263567,25825.715701,-19163.051920,-13731.614615,-8907.269730,0.875304,0.706990,0.506300,0.272051,0.063497,30292.590000,31695.090000,63589.430000,27120.230000,18301.350000
2022-01-12,26309.988723,33825.540171,3095.333682,-30788.051387,-2880.447215,0.875304,0.706990,0.506300,0.272051,0.063497,30292.590000,31695.090000,63589.430000,27120.230000,18301.350000
2022-01-13,44861.865542,39685.449526,28319.026734,923.209144,1536.736186,0.875304,0.706990,0.506300,0.272051,0.063497,30292.590000,31695.090000,63589.430000,27120.230000,18301.350000
2022-01-17,14434.115033,54062.021862,32725.277254,-21908.353395,90383.184981,0.875304,0.706990,0.506300,0.272051,0.063497,30292.590000,31695.090000,63589.430000,27120.230000,18301.350000
2022-01-18,-7484.571045,-8095.947232,-6422.426981,-7894.266549,11687.760123,0.875304,0.706990,0.506300,0.272051,0.063497,30292.590000,31695.090000,63589.430000,27120.230000,18301.350000
2022-01-19,-16.547796,-5970.982798,-5717.817934,-7862.365200,-1927.207792,0.875304,0.706990,0.506300,0.272051,0.063497,30292.590000,31695.090000,63589.430000,27120.230000,18301.350000
2022-01-20,-10029.647679,-3107.958577,-5917.656015,-5348.038306,-5364.940930,0.875304,0.706990,0.506300,0.272051,0.063497,30292.590000,31695.090000,63589.430000,27120.230000,18301.350000
2022-01-24,-36242.872539,-28447.347967,-11808.097641,-12546.976136,45586.893775,0.875304,0.706990,0.506300,0.272051,0.063497,30292.590000,31695.090000,63589.430000,27120.230000,18301.350000
2022-01-25,-31563.563888,-24379.165750,-15902.401550,6922.936349,90135.326172,0.875304,0.706990,0.506300,0.272051,0.063497,30292.590000,31695.090000,63589.430000,27120.230000,18301.350000
2022-01-26,-52319.438648,-25565.694551,9140.370176,2221.937297,50936.685020,0.875304,0.706990,0.506300,0.272051,0.063497,30292.590000,31695.090000,63589.430000,27120.230000,18301.350000
2022-01-27,-93919.533393,-56064.946785,7291.723133,7671.054879,112641.074668,0.875304,0.706990,0.506300,0.272051,0.063497,30292.590000,31695.090000,63589.430000,27120.230000,18301.350000
2022-01-31,-297037.106532,-163079.688406,-91098.663591,186929.823665,304746.417091,0.875304,0.706990,0.506300,0.272051,0.063497,30292.590000,31695.090000,63589.430000,27120.230000,18301.350000
2022-02-01,-27799.057264,-43011.048566,3750.019437,7012.035762,74649.733015,0.873522,0.707578,0.496036,0.263572,0.066106,29802.850000,31413.300000,63948.280000,27979.900000,19686.560000
2022-02-02,-14968.749893,-38106.456317,-4289.190624,12135.987865,60914.482291,0.873522,0.707578,0.496036,0.263572,0.066106,29802.850000,31413.300000,63948.280000,27979.900000,19686.560000
2022-02-03,-38865.557037,-27950.298780,-10650.714086,4581.601325,49329.950723,0.873522,0.707578,0.496036,0.263572,0.066106,29802.850000,31413.300000,63948.280000,27979.900000,19686.560000
2022-02-07,-70073.262874,-58593.086079,-14858.280906,11303.818246,94586.020696,0.873522,0.707578,0.496036,0.263572,0.066106,29802.850000,31413.300000,63948.280000,27979.900000,19686.560000
2022-02-08,19625.207392,1297.770703,-1669.006949,-1654.068607,-2095.670766,0.873522,0.707578,0.496036,0.263572,0.066106,29802.850000,31413.300000,63948.280000,27979.900000,19686.560000
2022-02-09,-10742.869501,-5317.651668,-4088.213414,2355.243488,25023.115954,0.873522,0.707578,0.496036,0.263572,0.066106,29802.850000,31413.300000,63948.280000,27979.900000,19686.560000
2022-02-10,22582.682364,12426.820595,7730.688945,-6065.191424,-24385.771268,0.873522,0.707578,0.496036,0.263572,0.066106,29802.850000,31413.300000,63948.280000,27979.900000,19686.560000
2022-02-14,100276.115444,80148.806610,36717.169506,-35846.304076,-93306.453576,0.873522,0.707578,0.496036,0.263572,0.066106,29802.850000,31413.300000,63948.280000,27979.900000,19686.560000
2022-02-15,68180.713368,77089.364204,51904.770200,-23704.578185,-86838.375351,0.873522,0.707578,0.496036,0.263572,0.066106,29802.850000,31413.300000,63948.280000,27979.900000,19686.560000
2022-02-16,18071.306204,21641.859013,5577.681221,-6056.875838,-24719.608147,0.873522,0.707578,0.496036,0.263572,0.066106,29802.850000,31413.300000,63948.280000,27979.900000,19686.560000
2022-02-17,-17699.326270,-7581.928284,5193.701846,-4775.542781,22678.359463,0.873522,0.707578,0.496036,0.263572,0.066106,29802.850000,31413.300000,63948.280000,27979.900000,19686.560000
2022-02-21,-99724.894333,-67458.759902,6146.949907,12054.060641,106272.626989,0.873522,0.707578,0.496036,0.263572,0.066106,29802.850000,31413.300000,63948.280000,27979.900000,19686.560000
2022-02-22,-9049.021677,-9738.705190,-5886.729567,-1089.248168,10311.123399,0.873522,0.707578,0.496036,0.263572,0.066106,29802.850000,31413.300000,63948.280000,27979.900000,19686.560000
2022-02-23,-36729.771169,-30808.668497,-13382.590657,-1144.420726,57312.131327,0.873522,0.707578,0.496036,0.263572,0.066106,29802.850000,31413.300000,63948.280000,27979.900000,19686.560000
2022-02-24,-20421.149541,-11376.011016,-4913.369555,-547.851145,22336.781252,0.873522,0.707578,0.496036,0.263572,0.066106,29802.850000,31413.300000,63948.280000,27979.900000,19686.560000
2022-02-28,-134400.808601,-106370.511396,-108806.924043,156869.272563,202741.045322,0.873522,0.707578,0.496036,0.263572,0.066106,29802.850000,31413.300000,63948.280000,27979.900000,19686.560000
2022-03-01,-70642.146374,-58414.150124,-25388.682873,745.392676,128781.243014,0.847104,0.688983,0.483809,0.252613,0.065338,28701.170000,30788.800000,64270.090000,29395.260000,23243.150000
2022-03-02,-563787.492253,-311550.949407,-35202.694084,149928.903015,746385.126162,0.847104,0.688983,0.483809,0.252613,0.065338,28701.170000,30788.800000,64270.090000,29395.260000,23243.150000
2022-03-03,-346530.502440,-226596.119438,-141582.356979,53251.212265,590558.979232,0.847104,0.688983,0.483809,0.252613,0.065338,28701.170000,30788.800000,64270.090000,29395.260000,23243.150000
2022-03-07,-417181.390521,-307795.996831,-277635.649445,73416.437477,843268.692619,0.847104,0.688983,0.483809,0.252613,0.065338,28701.170000,30788.800000,64270.090000,29395.260000,23243.150000
2022-03-08,-67125.493287,-59274.389404,-66133.217384,18884.803564,157083.207413,0.847104,0.688983,0.483809,0.252613,0.065338,28701.170000,30788.800000,64270.090000,29395.260000,23243.150000
2022-03-09,-56475.660590,-44846.714493,-56186.214474,18242.734819,129648.143265,0.847104,0.688983,0.483809,0.252613,0.065338,28701.170000,30788.800000,64270.090000,29395.260000,23243.150000
2022-03-10,-32108.636865,-24380.674969,-22872.842429,3488.882932,87048.159436,0.847104,0.688983,0.483809,0.252613,0.065338,28701.170000,30788.800000,64270.090000,29395.260000,23243.150000
2022-03-14,-40707.670142,-61022.360141,-91970.633707,1178.156640,293080.623649,0.847104,0.688983,0.483809,0.252613,0.065338,28701.170000,30788.800000,64270.090000,29395.260000,23243.150000
2022-03-15,13659.605773,27323.550216,-1965.227564,-4442.579155,80190.427791,0.847104,0.688983,0.483809,0.252613,0.065338,28701.170000,30788.800000,64270.090000,29395.260000,23243.150000
2022-03-16,-29729.934627,-10117.605343,-28092.110638,7685.278882,92195.135271,0.847104,0.688983,0.483809,0.252613,0.065338,28701.170000,30788.800000,64270.090000,29395.260000,23243.150000
2022-03-17,-24367.512784,-29813.645067,-25316.120529,3687.988592,47635.278954,0.847104,0.688983,0.483809,0.252613,0.065338,28701.170000,30788.800000,64270.090000,29395.260000,23243.150000
2022-03-21,-17253.621184,-63476.089778,-74144.953564,8324.627624,141767.183203,0.847104,0.688983,0.483809,0.252613,0.065338,28701.170000,30788.800000,64270.090000,29395.260000,23243.150000
2022-03-22,77533.302252,32251.114420,354.142854,2313.681600,-125947.657942,0.847104,0.688983,0.483809,0.252613,0.065338,28701.170000,30788.800000,64270.090000,29395.260000,23243.150000
2022-03-23,31378.538725,14020.610859,-12253.605645,1674.055657,-69976.463868,0.847104,0.688983,0.483809,0.252613,0.065338,28701.170000,30788.800000,64270.090000,29395.260000,23243.150000
2022-03-24,-182.054809,7473.045340,-7952.702951,-5679.377982,-43344.681696,0.847104,0.688983,0.483809,0.252613,0.065338,28701.170000,30788.800000,64270.090000,29395.260000,23243.150000
2022-03-28,58747.992039,38289.539780,61905.028499,-8786.431561,-201070.533786,0.847104,0.688983,0.483809,0.252613,0.065338,28701.170000,30788.800000,64270.090000,29395.260000,23243.150000
2022-03-29,154941.119002,81524.972104,94306.028612,-7535.290400,-345636.439240,0.847104,0.688983,0.483809,0.252613,0.065338,28701.170000,30788.800000,64270.090000,29395.260000,23243.150000
2022-03-30,66655.762135,32134.186869,60532.533764,-3778.730977,-169862.471738,0.847104,0.688983,0.483809,0.252613,0.065338,28701.170000,30788.800000,64270.090000,29395.260000,23243.150000
2022-03-31,54500.006811,23724.856747,-37299.212564,144042.205293,-136948.266926,0.847104,0.688983,0.483809,0.252613,0.065338,28701.170000,30788.800000,64270.090000,29395.260000,23243.150000
2022-04-04,88716.257539,56261.383827,63667.084306,-21041.302803,-215082.487106,0.855205,0.692032,0.482246,0.254355,0.068269,26477.330000,28610.010000,59907.190000,27594.910000,21682.390000
2022-04-05,-35925.482809,-13268.325492,-9818.096829,-5509.595452,10519.528208,0.855205,0.692032,0.482246,0.254355,0.068269,26477.330000,28610.010000,59907.190000,27594.910000,21682.390000
2022-04-06,-114966.905884,-54523.580134,-28715.951844,-2771.095614,132034.650572,0.855205,0.692032,0.482246,0.254355,0.068269,26477.330000,28610.010000,59907.190000,27594.910000,21682.390000
2022-04-07,-23064.992982,-12104.063649,-1032.977765,-5303.904170,15579.694813,0.855205,0.692032,0.482246,0.254355,0.068269,26477.330000,28610.010000,59907.190000,27594.910000,21682.390000
2022-04-11,34254.811903,3301.589063,-27265.566988,-18499.333178,-12842.821719,0.855205,0.692032,0.482246,0.254355,0.068269,26477.330000,28610.010000,59907.190000,27594.910000,21682.390000
2022-04-12,23478.922114,15373.498731,-2315.311788,-33852.797804,-3332.186103,0.855205,0.692032,0.482246,0.254355,0.068269,26477.330000,28610.010000,59907.190000,27594.910000,21682.390000
2022-04-13,63307.760870,57832.902913,39860.847482,3145.281551,-52568.835912,0.855205,0.692032,0.482246,0.254355,0.068269,26477.330000,28610.010000,59907.190000,27594.910000,21682.390000
2022-04-18,56221.465603,91462.256769,73005.392811,-8023.278638,-35412.276576,0.855205,0.692032,0.482246,0.254355,0.068269,26477.330000,28610.010000,59907.190000,27594.910000,21682.390000
2022-04-19,14666.146974,2244.871148,6802.083540,-3429.788671,-34710.539062,0.855205,0.692032,0.482246,0.254355,0.068269,26477.330000,28610.010000,59907.190000,27594.910000,21682.390000
2022-04-20,8202.557430,-290.880286,-7285.655465,-7373.663314,-20289.885249,0.855205,0.692032,0.482246,0.254355,0.068269,26477.330000,28610.010000,59907.190000,27594.910000,21682.390000
2022-04-21,4535.238737,-3406.954071,-2900.664272,-5585.687853,-19958.319416,0.855205,0.692032,0.482246,0.254355,0.068269,26477.330000,28610.010000,59907.190000,27594.910000,21682.390000
2022-04-25,-24474.527065,-20515.638126,-12344.934617,-12475.433054,-7489.009981,0.855205,0.692032,0.482246,0.254355,0.068269,26477.330000,28610.010000,59907.190000,27594.910000,21682.390000
2022-04-26,-5538.617672,-7000.836377,-3689.459167,-4867.007294,-5224.187375,0.855205,0.692032,0.482246,0.254355,0.068269,26477.330000,28610.010000,59907.190000,27594.910000,21682.390000
2022-04-27,919.880201,-15429.990551,-9155.144427,-4678.714774,-11386.685634,0.855205,0.692032,0.482246,0.254355,0.068269,26477.330000,28610.010000,59907.190000,27594.910000,21682.390000
2022-04-28,-16574.839585,-10920.597518,-4404.845321,4628.333256,14692.656752,0.855205,0.692032,0.482246,0.254355,0.068269,26477.330000,28610.010000,59907.190000,27594.910000,21682.390000
2022-05-02,-52133.299544,-87229.187781,-119663.907931,139261.025269,85322.023858,0.841591,0.676793,0.467809,0.241072,0.064819,26948.570000,29467.940000,62431.470000,29266.440000,24262.160000
2022-05-03,-33895.302980,-32422.245171,-29988.880837,-5760.896000,50089.603995,0.841591,0.676793,0.467809,0.241072,0.064819,26948.570000,29467.940000,62431.470000,29266.440000,24262.160000
2022-05-04,-40779.981656,-26795.961775,-45124.698936,-11574.259692,38273.501318,0.841591,0.676793,0.467809,0.241072,0.064819,26948.570000,29467.940000,62431.470000,29266.440000,24262.160000
2022-05-05,-33176.391594,-11940.811637,-13773.981547,-56.997425,47861.467482,0.841591,0.676793,0.467809,0.241072,0.064819,26948.570000,29467.940000,62431.470000,29266.440000,24262.160000
2022-05-09,-37536.043081,-16703.996315,-18697.999224,-1344.115016,47615.634225,0.841591,0.676793,0.467809,0.241072,0.064819,26948.570000,29467.940000,62431.470000,29266.440000,24262.160000
2022-05-10,-3712.893895,15589.508605,1539.973846,7087.046158,-10698.182899,0.841591,0.676793,0.467809,0.241072,0.064819,26948.570000,29467.940000,62431.470000,29266.440000,24262.160000
2022-05-11,14204.970909,20004.762514,-11141.338809,-4789.599765,-9434.332402,0.841591,0.676793,0.467809,0.241072,0.064819,26948.570000,29467.940000,62431.470000,29266.440000,24262.160000
2022-05-12,15227.406089,25344.411679,10013.594018,-332.031768,23383.589572,0.841591,0.676793,0.467809,0.241072,0.064819,26948.570000,29467.940000,62431.470000,29266.440000,24262.160000
2022-05-16,-28526.044126,42756.976212,20054.072049,-24996.188609,156111.870824,0.841591,0.676793,0.467809,0.241072,0.064819,26948.570000,29467.940000,62431.470000,29266.440000,24262.160000
2022-05-17,48128.667427,6192.184950,6830.090069,6026.205759,80069.869914,0.841591,0.676793,0.467809,0.241072,0.064819,26948.570000,29467.940000,62431.470000,29266.440000,24262.160000
2022-05-18,-18122.984756,-11072.059088,-17447.595750,-1408.356470,27917.184455,0.841591,0.676793,0.467809,0.241072,0.064819,26948.570000,29467.940000,62431.470000,29266.440000,24262.160000
2022-05-19,-13531.393044,-1800.695161,-6714.471849,15.741803,9464.579977,0.841591,0.676793,0.467809,0.241072,0.064819,26948.570000,29467.940000,62431.470000,29266.440000,24262.160000
2022-05-23,-141711.693152,-64225.892369,-58412.986317,8639.977408,196251.095257,0.841591,0.676793,0.467809,0.241072,0.064819,26948.570000,29467.940000,62431.470000,29266.440000,24262.160000
2022-05-24,-56644.439523,-36159.315700,-22703.017687,1674.682730,97060.714344,0.841591,0.676793,0.467809,0.241072,0.064819,26948.570000,29467.940000,62431.470000,29266.440000,24262.160000
2022-05-25,-22464.969119,-26278.348164,-24399.048312,-3692.455261,66275.575880,0.841591,0.676793,0.467809,0.241072,0.064819,26948.570000,29467.940000,62431.470000,29266.440000,24262.160000
2022-05-26,-21158.487453,-12223.364504,-14531.367182,-1535.530889,31342.787872,0.841591,0.676793,0.467809,0.241072,0.064819,26948.570000,29467.940000,62431.470000,29266.440000,24262.160000
2022-05-30,-46514.199874,-30640.789535,-23629.933615,5206.660009,90556.562968,0.841591,0.676793,0.467809,0.241072,0.064819,26948.570000,29467.940000,62431.470000,29266.440000,24262.160000
2022-05-31,-53414.322642,-36437.123688,-101289.215056,162418.564771,45006.403724,0.841591,0.676793,0.467809,0.241072,0.064819,26948.570000,29467.940000,62431.470000,29266.440000,24262.160000
2022-06-01,1259.597155,-18195.753392,-23234.434138,-7285.033396,38000.748125,0.855633,0.691626,0.486854,0.250905,0.071428,24622.410000,27167.420000,56661.570000,26835.530000,22938.880000
2022-06-02,-9318.715352,6586.693480,-824.560031,5556.941188,66445.740765,0.855633,0.691626,0.486854,0.250905,0.071428,24622.410000,27167.420000,56661.570000,26835.530000,22938.880000
2022-06-06,-22590.449157,41438.043729,32199.384988,-1580.170539,42698.160554,0.855633,0.691626,0.486854,0.250905,0.071428,24622.410000,27167.420000,56661.570000,26835.530000,22938.880000
2022-06-07,1281.477885,15248.921737,-36291.599516,-7773.271754,-14440.514738,0.855633,0.691626,0.486854,0.250905,0.071428,24622.410000,27167.420000,56661.570000,26835.530000,22938.880000
2022-06-08,92534.011648,27096.674718,8634.208318,-248.764352,-85788.757729,0.855633,0.691626,0.486854,0.250905,0.071428,24622.410000,27167.420000,56661.570000,26835.530000,22938.880000
2022-06-09,26487.572646,4332.104214,-12109.172637,312.412716,6053.196885,0.855633,0.691626,0.486854,0.250905,0.071428,24622.410000,27167.420000,56661.570000,26835.530000,22938.880000
2022-06-13,-20704.799476,17447.027829,-34265.680313,-46365.874396,85044.295144,0.855633,0.691626,0.486854,0.250905,0.071428,24622.410000,27167.420000,56661.570000,26835.530000,22938.880000
2022-06-14,3710.323182,44386.750020,19613.856413,4141.669941,58396.216460,0.855633,0.691626,0.486854,0.250905,0.071428,24622.410000,27167.420000,56661.570000,26835.530000,22938.880000
2022-06-15,10809.971432,37857.105961,33607.010803,2815.882527,47904.494283,0.855633,0.691626,0.486854,0.250905,0.071428,24622.410000,27167.420000,56661.570000,26835.530000,22938.880000
2022-06-16,-24044.418979,-9971.544228,-9322.382821,2571.210540,33188.557417,0.855633,0.691626,0.486854,0.250905,0.071428,24622.410000,27167.420000,56661.570000,26835.530000,22938.880000
2022-06-20,-78840.106374,-56983.122153,-32973.962969,4283.362373,174665.746449,0.855633,0.691626,0.486854,0.250905,0.071428,24622.410000,27167.420000,56661.570000,26835.530000,22938.880000
2022-06-21,-31177.682194,-25119.375798,-14391.904836,3350.100173,61883.677252,0.855633,0.691626,0.486854,0.250905,0.071428,24622.410000,27167.420000,56661.570000,26835.530000,22938.880000
2022-06-22,-14882.366572,-16764.702909,-11449.662828,468.522595,33299.874025,0.855633,0.691626,0.486854,0.250905,0.071428,24622.410000,27167.420000,56661.570000,26835.530000,22938.880000
2022-06-23,-24914.520285,-22270.861613,-21386.622609,-257.938364,50279.069990,0.855633,0.691626,0.486854,0.250905,0.071428,24622.410000,27167.420000,56661.570000,26835.530000,22938.880000
2022-06-27,-8955.446866,-8303.521395,-14553.148711,2337.075379,47714.806026,0.855633,0.691626,0.486854,0.250905,0.071428,24622.410000,27167.420000,56661.570000,26835.530000,22938.880000
2022-06-28,3860.389963,-16247.557252,-16482.979062,1356.259378,37007.394943,0.855633,0.691626,0.486854,0.250905,0.071428,24622.410000,27167.420000,56661.570000,26835.530000,22938.880000
2022-06-29,-30186.650312,-24426.735089,-19516.100196,7583.086327,54011.697329,0.855633,0.691626,0.486854,0.250905,0.071428,24622.410000,27167.420000,56661.570000,26835.530000,22938.880000
2022-06-30,-40818.947605,-8327.952300,-95137.125819,168564.126093,-37055.718863,0.855633,0.691626,0.486854,0.250905,0.071428,24622.410000,27167.420000,56661.570000,26835.530000,22938.880000
2022-07-04,-36448.920987,-29156.865559,-22928.018429,3871.209331,34080.749276,0.840943,0.681437,0.474560,0.243425,0.074352,25278.740000,27932.320000,57898.520000,27561.610000,23422.770000
2022-07-05,-10269.907260,-11699.318774,-18910.619827,-5188.073048,17312.542276,0.840943,0.681437,0.474560,0.243425,0.074352,25278.740000,27932.320000,57898.520000,27561.610000,23422.770000
2022-07-06,1411.213711,-3062.617019,-3006.213649,-5364.387298,-9830.801839,0.840943,0.681437,0.474560,0.243425,0.074352,25278.740000,27932.320000,57898.520000,27561.610000,23422.770000
2022-07-07,34499.493625,-680.720507,2710.620042,-4083.724195,536.156212,0.840943,0.681437,0.474560,0.243425,0.074352,25278.740000,27932.320000,57898.520000,27561.610000,23422.770000
2022-07-11,17213.604503,16348.690175,-17547.899446,-36576.122872,-4743.966936,0.840943,0.681437,0.474560,0.243425,0.074352,25278.740000,27932.320000,57898.520000,27561.610000,23422.770000
2022-07-12,2113.142672,14615.930608,12259.098973,-16905.269620,20131.111469,0.840943,0.681437,0.474560,0.243425,0.074352,25278.740000,27932.320000,57898.520000,27561.610000,23422.770000
2022-07-13,22792.015996,35959.458888,29878.560040,5652.390418,12898.427966,0.840943,0.681437,0.474560,0.243425,0.074352,25278.740000,27932.320000,57898.520000,27561.610000,23422.770000
2022-07-14,46143.302087,45413.894091,32411.116766,86.882824,4094.728104,0.840943,0.681437,0.474560,0.243425,0.074352,25278.740000,27932.320000,57898.520000,27561.610000,23422.770000
2022-07-18,122783.930323,80789.753173,53645.713486,-6530.081001,-147388.264322,0.840943,0.681437,0.474560,0.243425,0.074352,25278.740000,27932.320000,57898.520000,27561.610000,23422.770000
2022-07-19,21422.462088,19177.481054,25042.793061,-5411.062887,-77646.359777,0.840943,0.681437,0.474560,0.243425,0.074352,25278.740000,27932.320000,57898.520000,27561.610000,23422.770000
2022-07-20,15078.641359,26422.720580,31887.619687,-1268.026454,-106104.545796,0.840943,0.681437,0.474560,0.243425,0.074352,25278.740000,27932.320000,57898.520000,27561.610000,23422.770000
2022-07-21,13282.551286,13077.341628,15916.273494,-3243.480856,-56720.525865,0.840943,0.681437,0.474560,0.243425,0.074352,25278.740000,27932.320000,57898.520000,27561.610000,23422.770000
2022-07-25,-44118.194725,-19936.676228,12575.026930,-14745.972945,38773.000456,0.840943,0.681437,0.474560,0.243425,0.074352,25278.740000,27932.320000,57898.520000,27561.610000,23422.770000
2022-07-26,-20886.333355,-33269.221022,-14229.343866,663.146894,71906.894421,0.840943,0.681437,0.474560,0.243425,0.074352,25278.740000,27932.320000,57898.520000,27561.610000,23422.770000
2022-07-27,-22533.982298,-15298.854355,-21647.423727,1268.970040,47798.882751,0.840943,0.681437,0.474560,0.243425,0.074352,25278.740000,27932.320000,57898.520000,27561.610000,23422.770000
2022-07-28,-9750.163721,-3374.879978,-9511.200316,5060.265275,13317.228568,0.840943,0.681437,0.474560,0.243425,0.074352,25278.740000,27932.320000,57898.520000,27561.610000,23422.770000
2022-08-01,-90738.828103,-42744.384606,-114524.414235,164909.817211,49097.855180,0.816271,0.660891,0.463105,0.236802,0.075527,25758.960000,28547.840000,58952.520000,28269.620000,23491.220000
2022-08-02,251.014178,-1763.872438,3226.184531,2941.985551,3476.223142,0.816271,0.660891,0.463105,0.236802,0.075527,25758.960000,28547.840000,58952.520000,28269.620000,23491.220000
2022-08-03,27919.919367,19339.733517,-6570.122688,-12628.929467,-50240.223402,0.816271,0.660891,0.463105,0.236802,0.075527,25758.960000,28547.840000,58952.520000,28269.620000,23491.220000
2022-08-04,14755.810932,1076.631082,-3627.587822,2107.702565,-19757.223037,0.816271,0.660891,0.463105,0.236802,0.075527,25758.960000,28547.840000,58952.520000,28269.620000,23491.220000
2022-08-08,37250.065672,-6668.291938,-27375.380839,1928.792614,58009.317892,0.816271,0.660891,0.463105,0.236802,0.075527,25758.960000,28547.840000,58952.520000,28269.620000,23491.220000
2022-08-09,-24769.706708,-5510.875399,-28361.921760,4853.749323,65656.284568,0.816271,0.660891,0.463105,0.236802,0.075527,25758.960000,28547.840000,58952.520000,28269.620000,23491.220000
2022-08-10,-21809.042874,-4603.554355,-21341.179882,2381.398751,42125.953880,0.816271,0.660891,0.463105,0.236802,0.075527,25758.960000,28547.840000,58952.520000,28269.620000,23491.220000
2022-08-11,-16150.766934,17729.456290,-18079.293749,-27535.070480,-5090.864995,0.816271,0.660891,0.463105,0.236802,0.075527,25758.960000,28547.840000,58952.520000,28269.620000,23491.220000
2022-08-15,17870.842772,27118.921878,11296.692802,-25964.901505,14977.022809,0.816271,0.660891,0.463105,0.236802,0.075527,25758.960000,28547.840000,58952.520000,28269.620000,23491.220000
2022-08-16,-29893.162547,10179.473110,19701.905514,-1796.229650,98851.208263,0.816271,0.660891,0.463105,0.236802,0.075527,25758.960000,28547.840000,58952.520000,28269.620000,23491.220000
2022-08-17,26460.544299,38730.378643,35218.338305,11859.312324,23825.752404,0.816271,0.660891,0.463105,0.236802,0.075527,25758.960000,28547.840000,58952.520000,28269.620000,23491.220000
2022-08-18,853.125232,8203.309837,11479.639350,-1528.138007,13030.993443,0.816271,0.660891,0.463105,0.236802,0.075527,25758.960000,28547.840000,58952.520000,28269.620000,23491.220000
2022-08-22,131985.794850,29002.738655,5484.362849,-3914.082297,-107070.903000,0.816271,0.660891,0.463105,0.236802,0.075527,25758.960000,28547.840000,58952.520000,28269.620000,23491.220000
2022-08-23,12395.346370,5535.403974,-1035.218211,4745.785226,-22094.830906,0.816271,0.660891,0.463105,0.236802,0.075527,25758.960000,28547.840000,58952.520000,28269.620000,23491.220000
2022-08-24,-6390.598110,5059.080548,10246.461565,-2118.944335,-28698.135013,0.816271,0.660891,0.463105,0.236802,0.075527,25758.960000,28547.840000,58952.520000,28269.620000,23491.220000
2022-08-25,42655.589512,30092.608514,11233.370305,-3931.718956,-125322.401156,0.816271,0.660891,0.463105,0.236802,0.075527,25758.960000,28547.840000,58952.520000,28269.620000,23491.220000
2022-08-29,82885.176281,69359.758547,74418.207512,-14409.953532,-262469.560904,0.816271,0.660891,0.463105,0.236802,0.075527,25758.960000,28547.840000,58952.520000,28269.620000,23491.220000
2022-08-30,22624.323768,20770.336328,40688.292662,-2543.366341,-79726.529443,0.816271,0.660891,0.463105,0.236802,0.075527,25758.960000,28547.840000,58952.520000,28269.620000,23491.220000
2022-08-31,-49727.419270,-18855.288249,-77866.181314,165143.046164,-21537.863674,0.816271,0.660891,0.463105,0.236802,0.075527,25758.960000,28547.840000,58952.520000,28269.620000,23491.220000
2022-09-01,-45911.285197,-24032.058163,-5346.556793,-11314.620263,49671.423159,0.832448,0.674201,0.470103,0.241239,0.080943,23236.870000,25804.240000,52958.330000,25474.590000,21383.380000
2022-09-05,-84158.891255,-45285.782843,14935.853788,2270.920957,90732.525506,0.832448,0.674201,0.470103,0.241239,0.080943,23236.870000,25804.240000,52958.330000,25474.590000,21383.380000
2022-09-06,-19107.868216,-19280.630840,-6448.743061,2448.480662,39867.858798,0.832448,0.674201,0.470103,0.241239,0.080943,23236.870000,25804.240000,52958.330000,25474.590000,21383.380000
2022-09-07,-35106.384687,-23234.634370,-14589.046502,-2992.713952,89241.981634,0.832448,0.674201,0.470103,0.241239,0.080943,23236.870000,25804.240000,52958.330000,25474.590000,21383.380000
2022-09-08,24318.651737,-7042.891250,-7010.114940,-5007.591263,26288.115482,0.832448,0.674201,0.470103,0.241239,0.080943,23236.870000,25804.240000,52958.330000,25474.590000,21383.380000
2022-09-12,-40713.299353,-4628.581771,-94568.894824,-68289.508255,142353.751257,0.832448,0.674201,0.470103,0.241239,0.080943,23236.870000,25804.240000,52958.330000,25474.590000,21383.380000
2022-09-13,16606.535296,15637.467245,16736.056861,11841.438538,38604.095310,0.832448,0.674201,0.470103,0.241239,0.080943,23236.870000,25804.240000,52958.330000,25474.590000,21383.380000
2022-09-14,31772.033446,47055.618687,36490.932596,14311.198579,49777.379977,0.832448,0.674201,0.470103,0.241239,0.080943,23236.870000,25804.240000,52958.330000,25474.590000,21383.380000
2022-09-19,104011.200002,94605.183328,57837.038405,10039.178055,-147709.438274,0.832448,0.674201,0.470103,0.241239,0.080943,23236.870000,25804.240000,52958.330000,25474.590000,21383.380000
2022-09-20,997.909698,13099.586863,-5782.582491,421.837208,-30197.322543,0.832448,0.674201,0.470103,0.241239,0.080943,23236.870000,25804.240000,52958.330000,25474.590000,21383.380000
2022-09-21,-2253.733494,3148.803812,-1343.526602,666.887846,-10153.558856,0.832448,0.674201,0.470103,0.241239,0.080943,23236.870000,25804.240000,52958.330000,25474.590000,21383.380000
2022-09-22,1801.345622,1677.627871,-2186.908783,-1869.310061,-18419.803210,0.832448,0.674201,0.470103,0.241239,0.080943,23236.870000,25804.240000,52958.330000,25474.590000,21383.380000
2022-09-26,8157.376468,-1384.872261,-4700.305288,-3053.360670,-18574.654666,0.832448,0.674201,0.470103,0.241239,0.080943,23236.870000,25804.240000,52958.330000,25474.590000,21383.380000
2022-09-27,-6848.138634,-5499.738200,-543.542843,5854.467605,12676.325445,0.832448,0.674201,0.470103,0.241239,0.080943,23236.870000,25804.240000,52958.330000,25474.590000,21383.380000
2022-09-28,24343.498731,-9408.999626,-8911.361012,-1203.418879,18641.907076,0.832448,0.674201,0.470103,0.241239,0.080943,23236.870000,25804.240000,52958.330000,25474.590000,21383.380000
2022-09-29,-11626.504618,-10801.881898,-4794.745950,5572.759286,16382.197421,0.832448,0.674201,0.470103,0.241239,0.080943,23236.870000,25804.240000,52958.330000,25474.590000,21383.380000
2022-10-03,-94271.929429,-24999.367376,-98116.340823,172690.063831,13565.815570,0.822913,0.662451,0.456129,0.232044,0.085297,23806.340000,26648.120000,54645.960000,26745.750000,22576.520000
2022-10-04,-11971.190371,-1485.474994,-7213.580709,0.897445,866.758090,0.822913,0.662451,0.456129,0.232044,0.085297,23806.340000,26648.120000,54645.960000,26745.750000,22576.520000
2022-10-05,-30825.573023,-13761.454152,-11910.738550,-1404.011115,56371.686813,0.822913,0.662451,0.456129,0.232044,0.085297,23806.340000,26648.120000,54645.960000,26745.750000,22576.520000
2022-10-06,-9655.856931,-6541.930604,-17876.088199,-9136.045011,4907.543610,0.822913,0.662451,0.456129,0.232044,0.085297,23806.340000,26648.120000,54645.960000,26745.750000,22576.520000
2022-10-10,2189.296592,-1464.768019,-3508.352115,-29767.504049,-3627.667085,0.822913,0.662451,0.456129,0.232044,0.085297,23806.340000,26648.120000,54645.960000,26745.750000,22576.520000
2022-10-11,6011.531428,8976.899387,-18857.810530,-28553.852403,-28792.275973,0.822913,0.662451,0.456129,0.232044,0.085297,23806.340000,26648.120000,54645.960000,26745.750000,22576.520000
2022-10-12,13535.336915,22800.841135,18383.761437,-1868.958710,2187.423289,0.822913,0.662451,0.456129,0.232044,0.085297,23806.340000,26648.120000,54645.960000,26745.750000,22576.520000
2022-10-13,26913.218971,49412.769501,36689.864792,2470.683971,12097.062559,0.822913,0.662451,0.456129,0.232044,0.085297,23806.340000,26648.120000,54645.960000,26745.750000,22576.520000
2022-10-17,70200.914309,67772.490803,89558.020977,13948.460793,94856.894132,0.822913,0.662451,0.456129,0.232044,0.085297,23806.340000,26648.120000,54645.960000,26745.750000,22576.520000
2022-10-18,-27608.949235,-9377.404758,-8671.230498,1798.332371,35491.014600,0.822913,0.662451,0.456129,0.232044,0.085297,23806.340000,26648.120000,54645.960000,26745.750000,22576.520000
2022-10-19,-8469.817056,-6985.373525,-9519.346285,-1348.455651,33621.001554,0.822913,0.662451,0.456129,0.232044,0.085297,23806.340000,26648.120000,54645.960000,26745.750000,22576.520000
2022-10-20,-8617.193962,-446.456776,-11133.638267,-2053.477845,-21278.646787,0.822913,0.662451,0.456129,0.232044,0.085297,23806.340000,26648.120000,54645.960000,26745.750000,22576.520000
2022-10-24,-37359.424554,-5054.524884,-11245.423252,5926.120326,-9049.137724,0.822913,0.662451,0.456129,0.232044,0.085297,23806.340000,26648.120000,54645.960000,26745.750000,22576.520000
2022-10-25,26524.715158,-1811.358301,-3820.186273,936.500242,-3390.843788,0.822913,0.662451,0.456129,0.232044,0.085297,23806.340000,26648.120000,54645.960000,26745.750000,22576.520000
2022-10-26,-3855.268252,-4129.958077,-7839.236738,720.323834,-30.894486,0.822913,0.662451,0.456129,0.232044,0.085297,23806.340000,26648.120000,54645.960000,26745.750000,22576.520000
2022-10-27,-6558.630900,2295.543803,4499.320401,4426.051749,-12678.448783,0.822913,0.662451,0.456129,0.232044,0.085297,23806.340000,26648.120000,54645.960000,26745.750000,22576.520000
2022-11-01,-71856.476188,-4235.795600,-95239.635610,173179.958023,-15382.816907,0.823312,0.656424,0.447184,0.221354,0.081886,25064.460000,28476.570000,59408.160000,29894.690000,25715.370000
2022-11-02,-12692.847837,-4078.661765,-4194.158797,-9124.654525,-13908.501522,0.823312,0.656424,0.447184,0.221354,0.081886,25064.460000,28476.570000,59408.160000,29894.690000,25715.370000
2022-11-03,-29324.032882,-15221.888844,-3474.707873,-352.168517,33902.450950,0.823312,0.656424,0.447184,0.221354,0.081886,25064.460000,28476.570000,59408.160000,29894.690000,25715.370000
2022-11-04,0.000000,-0.000000,-5019.864630,0.000000,-2217.261724,0.823312,0.656424,0.447184,0.221354,0.081886,25064.460000,28476.570000,59408.160000,29894.690000,25715.370000
2022-11-07,-7476.846511,-7627.499522,-23310.650803,2702.459746,14317.751622,0.823312,0.656424,0.447184,0.221354,0.081886,25064.460000,28476.570000,59408.160000,29894.690000,25715.370000
2022-11-08,-2459.141313,-4656.003012,-8034.326122,-3948.587592,9710.173284,0.823312,0.656424,0.447184,0.221354,0.081886,25064.460000,28476.570000,59408.160000,29894.690000,25715.370000
2022-11-09,-6248.194797,-3095.196302,853.357424,2291.329503,32399.609390,0.823312,0.656424,0.447184,0.221354,0.081886,25064.460000,28476.570000,59408.160000,29894.690000,25715.370000
2022-11-10,3239.091396,5714.209641,3318.500354,-493.947444,48467.030564,0.823312,0.656424,0.447184,0.221354,0.081886,25064.460000,28476.570000,59408.160000,29894.690000,25715.370000
2022-11-14,44910.016084,49925.858246,-4785.830198,-39967.460929,60275.007718,0.823312,0.656424,0.447184,0.221354,0.081886,25064.460000,28476.570000,59408.160000,29894.690000,25715.370000
2022-11-15,42633.851962,49358.423922,38547.379338,585.460775,30740.222118,0.823312,0.656424,0.447184,0.221354,0.081886,25064.460000,28476.570000,59408.160000,29894.690000,25715.370000
2022-11-16,34984.168174,34710.379145,9618.163334,-1957.549147,-40803.861070,0.823312,0.656424,0.447184,0.221354,0.081886,25064.460000,28476.570000,59408.160000,29894.690000,25715.370000
2022-11-17,-10866.479553,-5123.018127,-6339.204257,-2394.224148,4665.992255,0.823312,0.656424,0.447184,0.221354,0.081886,25064.460000,28476.570000,59408.160000,29894.690000,25715.370000
2022-11-21,-6282.285625,-20133.346921,-25064.662660,2657.096666,24955.993393,0.823312,0.656424,0.447184,0.221354,0.081886,25064.460000,28476.570000,59408.160000,29894.690000,25715.370000
2022-11-22,-6511.524633,-12299.294480,-9370.985322,3539.757523,22263.155631,0.823312,0.656424,0.447184,0.221354,0.081886,25064.460000,28476.570000,59408.160000,29894.690000,25715.370000
2022-11-23,-8016.477133,-13201.667443,-9597.530908,-707.812903,22151.060532,0.823312,0.656424,0.447184,0.221354,0.081886,25064.460000,28476.570000,59408.160000,29894.690000,25715.370000
2022-11-24,-35564.394663,-12051.013179,-8551.386779,434.297472,23313.112567,0.823312,0.656424,0.447184,0.221354,0.081886,25064.460000,28476.570000,59408.160000,29894.690000,25715.370000
2022-11-28,-44351.033928,-18977.388228,-10082.405696,4767.344526,16640.026698,0.823312,0.656424,0.447184,0.221354,0.081886,25064.460000,28476.570000,59408.160000,29894.690000,25715.370000
2022-11-29,-3657.230558,-6306.000793,1212.195245,-889.119128,1911.142016,0.823312,0.656424,0.447184,0.221354,0.081886,25064.460000,28476.570000,59408.160000,29894.690000,25715.370000
2022-11-30,-64666.699434,-3822.554108,-104977.538762,165891.580193,8963.810524,0.823312,0.656424,0.447184,0.221354,0.081886,25064.460000,28476.570000,59408.160000,29894.690000,25715.370000
2022-12-01,-9663.416785,-10151.565054,-4816.690437,-8090.669673,4113.531903,0.814144,0.642448,0.433047,0.208010,0.076876,25352.810000,29413.710000,61949.740000,31760.440000,27840.410000
2022-12-05,-75976.794715,-45446.140889,-36962.601015,-6315.419923,149519.654744,0.814144,0.642448,0.433047,0.208010,0.076876,25352.810000,29413.710000,61949.740000,31760.440000,27840.410000
2022-12-06,28846.183356,9605.610122,-17507.877855,-695.485437,-36181.530911,0.814144,0.642448,0.433047,0.208010,0.076876,25352.810000,29413.710000,61949.740000,31760.440000,27840.410000
2022-12-08,14219.111156,6190.024359,-8934.275305,-4438.786880,-9220.536907,0.814144,0.642448,0.433047,0.208010,0.076876,25352.810000,29413.710000,61949.740000,31760.440000,27840.410000
2022-12-12,9584.032373,15923.438743,-17476.685923,-35613.186653,13334.748109,0.814144,0.642448,0.433047,0.208010,0.076876,25352.810000,29413.710000,61949.740000,31760.440000,27840.410000
2022-12-13,8622.180349,25689.186969,7587.578149,-13192.271832,25595.650543,0.814144,0.642448,0.433047,0.208010,0.076876,25352.810000,29413.710000,61949.740000,31760.440000,27840.410000
2022-12-14,3508.442214,39073.565614,36548.781836,9911.702462,110397.265804,0.814144,0.642448,0.433047,0.208010,0.076876,25352.810000,29413.710000,61949.740000,31760.440000,27840.410000
2022-12-15,2997.427622,28419.428464,22824.494499,3121.329362,59359.548792,0.814144,0.642448,0.433047,0.208010,0.076876,25352.810000,29413.710000,61949.740000,31760.440000,27840.410000
2022-12-19,31183.788642,1564.581387,-9675.646529,3167.508705,-28957.441833,0.814144,0.642448,0.433047,0.208010,0.076876,25352.810000,29413.710000,61949.740000,31760.440000,27840.410000
2022-12-20,-6535.621925,-5469.059354,-8962.610342,341.912475,15440.568055,0.814144,0.642448,0.433047,0.208010,0.076876,25352.810000,29413.710000,61949.740000,31760.440000,27840.410000
2022-12-21,-9230.226362,-6614.266074,-13948.835234,-682.631764,19680.057036,0.814144,0.642448,0.433047,0.208010,0.076876,25352.810000,29413.710000,61949.740000,31760.440000,27840.410000
2022-12-22,-7581.066582,-5829.529767,-5800.047467,-2121.618883,13511.722938,0.814144,0.642448,0.433047,0.208010,0.076876,25352.810000,29413.710000,61949.740000,31760.440000,27840.410000
2022-12-26,3403.784157,-8483.117262,-6417.573728,526.629941,4642.668625,0.814144,0.642448,0.433047,0.208010,0.076876,25352.810000,29413.710000,61949.740000,31760.440000,27840.410000
2022-12-27,45423.795428,1958.149352,1395.359320,1221.908020,-11956.394287,0.814144,0.642448,0.433047,0.208010,0.076876,25352.810000,29413.710000,61949.740000,31760.440000,27840.410000
2022-12-28,-29522.212099,-14189.535519,-8935.745437,-1532.087682,43593.996324,0.814144,0.642448,0.433047,0.208010,0.076876,25352.810000,29413.710000,61949.740000,31760.440000,27840.410000
2022-12-29,-10650.214970,-2160.996690,-989.139145,4859.077185,10926.547096,0.814144,0.642448,0.433047,0.208010,0.076876,25352.810000,29413.710000,61949.740000,31760.440000,27840.410000
2023-01-02,-87844.498943,-297.063275,-107372.729535,163406.217551,21352.533520,0.817690,0.646744,0.439646,0.213550,0.081438,27117.230000,31627.970000,65874.750000,33913.090000,30030.470000
2023-01-03,-14402.508231,-19157.728070,-15124.719633,4222.385018,54828.545294,0.817690,0.646744,0.439646,0.213550,0.081438,27117.230000,31627.970000,65874.750000,33913.090000,30030.470000
2023-01-04,-20650.768754,-14149.192117,-38062.645094,3379.784328,61658.889484,0.817690,0.646744,0.439646,0.213550,0.081438,27117.230000,31627.970000,65874.750000,33913.090000,30030.470000
2023-01-05,-37520.261505,-11240.092675,-39223.591289,2031.790130,40860.241567,0.817690,0.646744,0.439646,0.213550,0.081438,27117.230000,31627.970000,65874.750000,33913.090000,30030.470000
2023-01-09,19746.957818,-18955.010280,-45627.258176,-1444.807799,36899.667268,0.817690,0.646744,0.439646,0.213550,0.081438,27117.230000,31627.970000,65874.750000,33913.090000,30030.470000
2023-01-10,-4984.355229,3644.472042,-6195.663972,-246.510346,22015.612448,0.817690,0.646744,0.439646,0.213550,0.081438,27117.230000,31627.970000,65874.750000,33913.090000,30030.470000
2023-01-11,-10681.180319,13353.015471,3028.454024,5474.738232,38253.926156,0.817690,0.646744,0.439646,0.213550,0.081438,27117.230000,31627.970000,65874.750000,33913.090000,30030.470000
2023-01-12,12476.149276,29780.522986,1136.308057,-3754.609032,28410.526069,0.817690,0.646744,0.439646,0.213550,0.081438,27117.230000,31627.970000,65874.750000,33913.090000,30030.470000
2023-01-16,27691.482790,61949.127218,9247.314135,-47934.064521,56108.967938,0.817690,0.646744,0.439646,0.213550,0.081438,27117.230000,31627.970000,65874.750000,33913.090000,30030.470000
2023-01-17,12189.168082,32943.682077,21721.877196,9917.507131,24506.277927,0.817690,0.646744,0.439646,0.213550,0.081438,27117.230000,31627.970000,65874.750000,33913.090000,30030.470000
2023-01-18,9595.732147,2854.633640,5428.633404,433.248943,-765.571775,0.817690,0.646744,0.439646,0.213550,0.081438,27117.230000,31627.970000,65874.750000,33913.090000,30030.470000
2023-01-19,-5297.471904,-3991.471501,-9874.326116,-2510.772724,161.196783,0.817690,0.646744,0.439646,0.213550,0.081438,27117.230000,31627.970000,65874.750000,33913.090000,30030.470000
2023-01-23,20014.541242,-7847.046221,-15382.198832,-436.562744,22988.460851,0.817690,0.646744,0.439646,0.213550,0.081438,27117.230000,31627.970000,65874.750000,33913.090000,30030.470000
2023-01-24,-6632.532784,-2768.225429,-5551.232154,2742.858705,11499.044753,0.817690,0.646744,0.439646,0.213550,0.081438,27117.230000,31627.970000,65874.750000,33913.090000,30030.470000
2023-01-25,-10743.556604,-7765.179549,-8570.470847,-1204.463610,12958.616299,0.817690,0.646744,0.439646,0.213550,0.081438,27117.230000,31627.970000,65874.750000,33913.090000,30030.470000
2023-01-26,-19182.723873,-6261.520130,-5840.999968,-9.196218,-1654.750162,0.817690,0.646744,0.439646,0.213550,0.081438,27117.230000,31627.970000,65874.750000,33913.090000,30030.470000
2023-01-30,3568.133576,-11586.674936,5873.560726,3672.898480,-1867.589993,0.817690,0.646744,0.439646,0.213550,0.081438,27117.230000,31627.970000,65874.750000,33913.090000,30030.470000
2023-01-31,-65220.388808,10514.271152,-96259.788183,149903.356008,1175.396979,0.817690,0.646744,0.439646,0.213550,0.081438,27117.230000,31627.970000,65874.750000,33913.090000,30030.470000
2023-02-01,-15020.029235,-8067.821335,-9555.726252,-7767.747893,8684.154191,0.822219,0.654291,0.447572,0.220749,0.087006,26324.170000,30852.740000,63394.070000,32440.440000,28494.790000
2023-02-02,-7557.264173,-3311.456169,-2376.761730,-2506.544829,-9607.084669,0.822219,0.654291,0.447572,0.220749,0.087006,26324.170000,30852.740000,63394.070000,32440.440000,28494.790000
2023-02-06,-1735.468195,-1884.108857,-7232.731466,-3081.740369,-13061.982392,0.822219,0.654291,0.447572,0.220749,0.087006,26324.170000,30852.740000,63394.070000,32440.440000,28494.790000
2023-02-07,12179.870112,8188.920073,5064.210173,154.013371,-14828.358202,0.822219,0.654291,0.447572,0.220749,0.087006,26324.170000,30852.740000,63394.070000,32440.440000,28494.790000
2023-02-08,42150.386053,19057.769232,14278.330094,-3274.441592,-31590.321173,0.822219,0.654291,0.447572,0.220749,0.087006,26324.170000,30852.740000,63394.070000,32440.440000,28494.790000
2023-02-09,10770.392668,16031.328374,20135.260505,-8310.273322,-29826.479401,0.822219,0.654291,0.447572,0.220749,0.087006,26324.170000,30852.740000,63394.070000,32440.440000,28494.790000
2023-02-13,22782.536396,52958.980786,25396.515964,-36195.197460,-34847.997022,0.822219,0.654291,0.447572,0.220749,0.087006,26324.170000,30852.740000,63394.070000,32440.440000,28494.790000
2023-02-14,37153.419448,64883.099423,40517.180567,-12962.099029,13847.673612,0.822219,0.654291,0.447572,0.220749,0.087006,26324.170000,30852.740000,63394.070000,32440.440000,28494.790000
2023-02-15,6002.894923,50206.218203,46238.078599,5848.730524,48366.316616,0.822219,0.654291,0.447572,0.220749,0.087006,26324.170000,30852.740000,63394.070000,32440.440000,28494.790000
2023-02-16,-20671.017491,-3727.509582,-11151.350277,-10257.742094,17677.264692,0.822219,0.654291,0.447572,0.220749,0.087006,26324.170000,30852.740000,63394.070000,32440.440000,28494.790000
2023-02-20,7974.459043,7389.549306,8457.367785,-6232.166927,-30330.679469,0.822219,0.654291,0.447572,0.220749,0.087006,26324.170000,30852.740000,63394.070000,32440.440000,28494.790000
2023-02-21,4911.260391,4424.354622,4179.936425,-4997.537206,-23998.385398,0.822219,0.654291,0.447572,0.220749,0.087006,26324.170000,30852.740000,63394.070000,32440.440000,28494.790000
2023-02-22,650.848935,4684.429850,431.512467,-5946.064967,-22069.557266,0.822219,0.654291,0.447572,0.220749,0.087006,26324.170000,30852.740000,63394.070000,32440.440000,28494.790000
2023-02-23,-1470.070047,2660.349441,1358.640368,2191.981117,-7683.258646,0.822219,0.654291,0.447572,0.220749,0.087006,26324.170000,30852.740000,63394.070000,32440.440000,28494.790000
2023-02-27,37967.379920,1669.869641,4632.986522,-1708.614477,-12139.252871,0.822219,0.654291,0.447572,0.220749,0.087006,26324.170000,30852.740000,63394.070000,32440.440000,28494.790000
2023-02-28,-45690.297721,-1695.840739,-82317.246730,140356.094918,5398.339862,0.822219,0.654291,0.447572,0.220749,0.087006,26324.170000,30852.740000,63394.070000,32440.440000,28494.790000
2023-03-01,-4150.824027,-7243.594863,-5584.459086,-12720.539575,1845.925257,0.820490,0.640463,0.429214,0.210722,0.085226,26319.110000,31741.730000,66678.460000,35132.180000,31544.610000
2023-03-02,-1297.110199,3900.644531,-2231.885905,6866.460135,-30719.305667,0.820490,0.640463,0.429214,0.210722,0.085226,26319.110000,31741.730000,66678.460000,35132.180000,31544.610000
2023-03-06,-12279.064486,906.114407,-23166.310717,-12681.714737,-48453.872161,0.820490,0.640463,0.429214,0.210722,0.085226,26319.110000,31741.730000,66678.460000,35132.180000,31544.610000
2023-03-07,-1381.248165,519.790252,1562.439148,939.279541,-14393.102109,0.820490,0.640463,0.429214,0.210722,0.085226,26319.110000,31741.730000,66678.460000,35132.180000,31544.610000
2023-03-08,12852.723767,13940.191375,12867.837588,-5816.757453,-37005.879922,0.820490,0.640463,0.429214,0.210722,0.085226,26319.110000,31741.730000,66678.460000,35132.180000,31544.610000
2023-03-09,11208.216660,15471.244738,6421.976560,-1483.420159,-30419.630104,0.820490,0.640463,0.429214,0.210722,0.085226,26319.110000,31741.730000,66678.460000,35132.180000,31544.610000
2023-03-13,16502.032987,42479.011298,19113.748670,-31612.418326,3034.237128,0.820490,0.640463,0.429214,0.210722,0.085226,26319.110000,31741.730000,66678.460000,35132.180000,31544.610000
2023-03-14,25602.348942,56005.318529,43830.314962,5132.735482,55192.812466,0.820490,0.640463,0.429214,0.210722,0.085226,26319.110000,31741.730000,66678.460000,35132.180000,31544.610000
2023-03-15,21391.213436,54398.549554,46788.749615,-13835.584228,72563.084635,0.820490,0.640463,0.429214,0.210722,0.085226,26319.110000,31741.730000,66678.460000,35132.180000,31544.610000
2023-03-16,-22453.513540,-17481.785424,-12874.712811,-6428.882276,35194.065334,0.820490,0.640463,0.429214,0.210722,0.085226,26319.110000,31741.730000,66678.460000,35132.180000,31544.610000
2023-03-20,-108986.672366,-92936.839143,-37057.152776,4490.301065,203305.517765,0.820490,0.640463,0.429214,0.210722,0.085226,26319.110000,31741.730000,66678.460000,35132.180000,31544.610000
2023-03-21,-51713.053776,-34419.132135,-28099.843378,6297.271646,77640.125191,0.820490,0.640463,0.429214,0.210722,0.085226,26319.110000,31741.730000,66678.460000,35132.180000,31544.610000
2023-03-22,-23065.280279,-16413.197749,-8960.652021,768.844131,29110.398580,0.820490,0.640463,0.429214,0.210722,0.085226,26319.110000,31741.730000,66678.460000,35132.180000,31544.610000
2023-03-23,-17588.597550,-11027.378604,-12645.033998,3403.981100,17529.513152,0.820490,0.640463,0.429214,0.210722,0.085226,26319.110000,31741.730000,66678.460000,35132.180000,31544.610000
2023-03-27,-37032.751342,-26053.324441,-24772.547644,3404.429381,46754.784693,0.820490,0.640463,0.429214,0.210722,0.085226,26319.110000,31741.730000,66678.460000,35132.180000,31544.610000
2023-03-28,-7977.115061,-5484.189765,-8105.543853,-2575.725922,14953.211419,0.820490,0.640463,0.429214,0.210722,0.085226,26319.110000,31741.730000,66678.460000,35132.180000,31544.610000
2023-03-29,-8770.549424,-4988.800864,-10106.643210,-570.933413,7848.471796,0.820490,0.640463,0.429214,0.210722,0.085226,26319.110000,31741.730000,66678.460000,35132.180000,31544.610000
2023-03-30,14805.351379,685.285664,-1616.017307,2939.718181,-23087.693992,0.820490,0.640463,0.429214,0.210722,0.085226,26319.110000,31741.730000,66678.460000,35132.180000,31544.610000
2023-04-03,-72719.303589,-9803.347994,-106778.160602,131441.171505,11038.973769,0.822746,0.645945,0.435281,0.216001,0.090079,26183.340000,31562.730000,65423.560000,34460.000000,30871.940000
2023-04-04,45316.723125,1218.976373,-11698.927815,1795.111081,3874.285629,0.822746,0.645945,0.435281,0.216001,0.090079,26183.340000,31562.730000,65423.560000,34460.000000,30871.940000
2023-04-05,26532.669224,-10395.407335,-30249.892377,-2457.001241,1935.818175,0.822746,0.645945,0.435281,0.216001,0.090079,26183.340000,31562.730000,65423.560000,34460.000000,30871.940000
2023-04-10,10519.553843,19292.258132,-10818.760789,-3915.889050,-49745.594736,0.822746,0.645945,0.435281,0.216001,0.090079,26183.340000,31562.730000,65423.560000,34460.000000,30871.940000
2023-04-11,5733.719835,22174.280449,6736.005829,2889.751280,-20699.749867,0.822746,0.645945,0.435281,0.216001,0.090079,26183.340000,31562.730000,65423.560000,34460.000000,30871.940000
2023-04-12,21431.532359,31116.699811,-1854.457260,-9963.513032,2230.239367,0.822746,0.645945,0.435281,0.216001,0.090079,26183.340000,31562.730000,65423.560000,34460.000000,30871.940000
2023-04-13,11875.291476,35205.360070,25050.173157,-2162.237830,11317.990487,0.822746,0.645945,0.435281,0.216001,0.090079,26183.340000,31562.730000,65423.560000,34460.000000,30871.940000
2023-04-17,20930.768855,79055.183663,61200.719256,-30878.015348,48700.425069,0.822746,0.645945,0.435281,0.216001,0.090079,26183.340000,31562.730000,65423.560000,34460.000000,30871.940000
2023-04-18,7748.857616,-874.569165,-3846.560057,-3850.264433,-13020.175869,0.822746,0.645945,0.435281,0.216001,0.090079,26183.340000,31562.730000,65423.560000,34460.000000,30871.940000
2023-04-19,24148.775362,3686.206478,-1707.062384,-5527.297032,-25010.769973,0.822746,0.645945,0.435281,0.216001,0.090079,26183.340000,31562.730000,65423.560000,34460.000000,30871.940000
2023-04-20,1633.243687,731.991728,-3850.830178,-4160.212777,-10132.939487,0.822746,0.645945,0.435281,0.216001,0.090079,26183.340000,31562.730000,65423.560000,34460.000000,30871.940000
2023-04-24,-15218.297910,-20820.433855,-7867.520194,462.874980,13635.358733,0.822746,0.645945,0.435281,0.216001,0.090079,26183.340000,31562.730000,65423.560000,34460.000000,30871.940000
2023-04-25,-30888.819556,-14846.180969,-943.864139,2330.335202,43840.703987,0.822746,0.645945,0.435281,0.216001,0.090079,26183.340000,31562.730000,65423.560000,34460.000000,30871.940000
2023-04-26,66849.721183,-7918.862803,-8452.403960,-2853.957907,19483.967160,0.822746,0.645945,0.435281,0.216001,0.090079,26183.340000,31562.730000,65423.560000,34460.000000,30871.940000
2023-04-27,-9522.779263,-1800.128640,-3502.215661,1818.426087,4372.810707,0.822746,0.645945,0.435281,0.216001,0.090079,26183.340000,31562.730000,65423.560000,34460.000000,30871.940000
2023-05-01,-78014.587798,-7944.023015,-84639.724052,150656.106130,14136.656290,0.818715,0.643709,0.433430,0.216932,0.095017,26019.930000,31564.100000,65285.400000,34240.870000,30503.000000
2023-05-02,-47209.664898,-9817.369615,-8869.631387,-10411.237840,3413.760814,0.818715,0.643709,0.433430,0.216932,0.095017,26019.930000,31564.100000,65285.400000,34240.870000,30503.000000
2023-05-03,-5294.349947,-2049.476751,-7124.840509,1878.350398,-10302.116175,0.818715,0.643709,0.433430,0.216932,0.095017,26019.930000,31564.100000,65285.400000,34240.870000,30503.000000
2023-05-04,-2187.919681,-3277.625808,-10566.619644,-6242.810596,-25287.119828,0.818715,0.643709,0.433430,0.216932,0.095017,26019.930000,31564.100000,65285.400000,34240.870000,30503.000000
2023-05-05,-49.840515,-23.535907,1557.079710,-363.452950,-426.999004,0.818715,0.643709,0.433430,0.216932,0.095017,26019.930000,31564.100000,65285.400000,34240.870000,30503.000000
2023-05-08,-27266.782741,-3577.199878,-6012.766394,-2212.897650,13853.612179,0.818715,0.643709,0.433430,0.216932,0.095017,26019.930000,31564.100000,65285.400000,34240.870000,30503.000000
2023-05-09,4915.841032,4890.528090,3439.824247,1168.313601,-874.363565,0.818715,0.643709,0.433430,0.216932,0.095017,26019.930000,31564.100000,65285.400000,34240.870000,30503.000000
2023-05-10,-5339.732124,8123.653857,3424.168825,-347.838127,23686.144854,0.818715,0.643709,0.433430,0.216932,0.095017,26019.930000,31564.100000,65285.400000,34240.870000,30503.000000
2023-05-11,4679.777312,19232.486369,18370.318185,334.955409,17914.068243,0.818715,0.643709,0.433430,0.216932,0.095017,26019.930000,31564.100000,65285.400000,34240.870000,30503.000000
2023-05-15,39619.253667,64625.968100,23129.855853,-54869.845808,32138.089644,0.818715,0.643709,0.433430,0.216932,0.095017,26019.930000,31564.100000,65285.400000,34240.870000,30503.000000
2023-05-16,23241.169321,47170.727919,47054.318903,13798.227755,22900.060765,0.818715,0.643709,0.433430,0.216932,0.095017,26019.930000,31564.100000,65285.400000,34240.870000,30503.000000
2023-05-17,32749.210752,28158.668657,10936.566202,-1575.068568,-44294.622122,0.818715,0.643709,0.433430,0.216932,0.095017,26019.930000,31564.100000,65285.400000,34240.870000,30503.000000
2023-05-18,38768.254336,435.764409,-3410.875570,-2834.412609,-7709.877444,0.818715,0.643709,0.433430,0.216932,0.095017,26019.930000,31564.100000,65285.400000,34240.870000,30503.000000
2023-05-22,843.734838,4510.890551,-124.900529,1698.432521,-11783.543478,0.818715,0.643709,0.433430,0.216932,0.095017,26019.930000,31564.100000,65285.400000,34240.870000,30503.000000
2023-05-23,-2473.519501,2811.023468,-3829.500060,1516.638834,-19151.590688,0.818715,0.643709,0.433430,0.216932,0.095017,26019.930000,31564.100000,65285.400000,34240.870000,30503.000000
2023-05-24,-20034.264152,-974.757335,-5930.652433,-2683.373423,-4025.406687,0.818715,0.643709,0.433430,0.216932,0.095017,26019.930000,31564.100000,65285.400000,34240.870000,30503.000000
2023-05-25,-8329.254858,-2027.271697,4271.188043,-629.597448,-3916.447421,0.818715,0.643709,0.433430,0.216932,0.095017,26019.930000,31564.100000,65285.400000,34240.870000,30503.000000
2023-05-29,-5103.457847,-2163.142340,-232.782589,-261.648858,-3866.190196,0.818715,0.643709,0.433430,0.216932,0.095017,26019.930000,31564.100000,65285.400000,34240.870000,30503.000000
2023-05-30,-5156.743830,-4679.113209,-5413.552687,2923.874905,10630.602909,0.818715,0.643709,0.433430,0.216932,0.095017,26019.930000,31564.100000,65285.400000,34240.870000,30503.000000
2023-05-31,-54791.781894,2027.833725,-90091.877147,143415.131323,-2725.940015,0.818715,0.643709,0.433430,0.216932,0.095017,26019.930000,31564.100000,65285.400000,34240.870000,30503.000000
2023-06-01,-31212.682522,3822.333158,133935.372112,-3234.994498,-139261.625930,0.824808,0.648784,0.438704,0.219088,0.097082,26797.500000,32788.870000,66876.290000,35167.710000,30586.260000
2023-06-05,23773.321503,81213.556243,234884.000994,15210.371295,-248335.630304,0.824808,0.648784,0.438704,0.219088,0.097082,26797.500000,32788.870000,66876.290000,35167.710000,30586.260000
2023-06-06,61822.129658,16110.871199,58170.318202,-1596.069409,-28551.585207,0.824808,0.648784,0.438704,0.219088,0.097082,26797.500000,32788.870000,66876.290000,35167.710000,30586.260000
2023-06-07,2544.989648,31117.058358,-16093.960574,-2035.682627,-5944.080591,0.824808,0.648784,0.438704,0.219088,0.097082,26797.500000,32788.870000,66876.290000,35167.710000,30586.260000
2023-06-08,-12855.260412,4911.199384,9660.737767,-2213.123686,-4534.693933,0.824808,0.648784,0.438704,0.219088,0.097082,26797.500000,32788.870000,66876.290000,35167.710000,30586.260000
2023-06-12,3.051951,29408.951332,16320.852894,-34328.019505,-34530.408989,0.824808,0.648784,0.438704,0.219088,0.097082,26797.500000,32788.870000,66876.290000,35167.710000,30586.260000
2023-06-13,21729.432273,32362.753234,10733.879055,-18710.827928,5768.980948,0.824808,0.648784,0.438704,0.219088,0.097082,26797.500000,32788.870000,66876.290000,35167.710000,30586.260000
2023-06-14,98394.595485,67440.793397,45703.591434,5769.824496,36696.240866,0.824808,0.648784,0.438704,0.219088,0.097082,26797.500000,32788.870000,66876.290000,35167.710000,30586.260000
2023-06-15,-9144.690300,42130.874741,38102.357732,-2662.178721,18951.686394,0.824808,0.648784,0.438704,0.219088,0.097082,26797.500000,32788.870000,66876.290000,35167.710000,30586.260000
2023-06-19,-44622.130147,-2996.941409,-3098.708504,-2531.587872,5178.622079,0.824808,0.648784,0.438704,0.219088,0.097082,26797.500000,32788.870000,66876.290000,35167.710000,30586.260000
2023-06-21,-12797.582536,2842.265079,-622.439947,-1923.476120,-18707.006019,0.824808,0.648784,0.438704,0.219088,0.097082,26797.500000,32788.870000,66876.290000,35167.710000,30586.260000
2023-06-22,7312.607069,4184.237454,-7331.841665,-3501.003262,-20452.885234,0.824808,0.648784,0.438704,0.219088,0.097082,26797.500000,32788.870000,66876.290000,35167.710000,30586.260000
2023-06-26,6664.478339,4131.546903,2.918417,-2520.219205,14907.971409,0.824808,0.648784,0.438704,0.219088,0.097082,26797.500000,32788.870000,66876.290000,35167.710000,30586.260000
2023-06-27,-13233.447258,-8455.396523,-6970.788642,-566.369439,20186.615991,0.824808,0.648784,0.438704,0.219088,0.097082,26797.500000,32788.870000,66876.290000,35167.710000,30586.260000
2023-06-28,-2046.993307,-3034.402489,-12951.826842,-1123.619196,13555.462689,0.824808,0.648784,0.438704,0.219088,0.097082,26797.500000,32788.870000,66876.290000,35167.710000,30586.260000
2023-06-29,-8765.276208,-5800.171568,-4418.727458,-264.286729,-3652.394609,0.824808,0.648784,0.438704,0.219088,0.097082,26797.500000,32788.870000,66876.290000,35167.710000,30586.260000
2023-07-03,-85681.158334,-23875.054835,-173308.350930,209900.981855,10501.699253,0.830680,0.663023,0.456271,0.236122,0.103123,28133.250000,33790.060000,66574.410000,34152.530000,28784.940000
2023-07-04,31616.302319,-251.465067,-507.143446,2289.267323,-768.532510,0.830680,0.663023,0.456271,0.236122,0.103123,28133.250000,33790.060000,66574.410000,34152.530000,28784.940000
2023-07-05,-1429.633250,-9351.671927,-22626.158229,-4383.108864,9044.967569,0.830680,0.663023,0.456271,0.236122,0.103123,28133.250000,33790.060000,66574.410000,34152.530000,28784.940000
2023-07-06,31476.916831,13384.465165,3960.709482,549.482231,-46978.958906,0.830680,0.663023,0.456271,0.236122,0.103123,28133.250000,33790.060000,66574.410000,34152.530000,28784.940000
2023-07-10,33644.157442,32149.469547,18058.765235,-6875.302863,-81834.578923,0.830680,0.663023,0.456271,0.236122,0.103123,28133.250000,33790.060000,66574.410000,34152.530000,28784.940000
2023-07-11,43959.113542,28702.156137,2905.295861,-6683.340272,-13998.165350,0.830680,0.663023,0.456271,0.236122,0.103123,28133.250000,33790.060000,66574.410000,34152.530000,28784.940000
2023-07-12,43904.215382,38261.626271,29308.716300,438.339482,-2299.434772,0.830680,0.663023,0.456271,0.236122,0.103123,28133.250000,33790.060000,66574.410000,34152.530000,28784.940000
2023-07-13,34485.754119,38845.965648,23108.174817,-2442.512385,6558.344464,0.830680,0.663023,0.456271,0.236122,0.103123,28133.250000,33790.060000,66574.410000,34152.530000,28784.940000
2023-07-17,25034.513842,87382.103643,76821.412234,-43432.618339,-2560.422054,0.830680,0.663023,0.456271,0.236122,0.103123,28133.250000,33790.060000,66574.410000,34152.530000,28784.940000
2023-07-18,29747.568996,19875.735473,25088.442914,-9516.119543,-61865.183745,0.830680,0.663023,0.456271,0.236122,0.103123,28133.250000,33790.060000,66574.410000,34152.530000,28784.940000
2023-07-19,25977.988484,8959.418394,5448.087485,-7156.262342,-45996.356705,0.830680,0.663023,0.456271,0.236122,0.103123,28133.250000,33790.060000,66574.410000,34152.530000,28784.940000
2023-07-20,7326.292525,15118.387074,13272.154763,-5680.256356,-46077.011652,0.830680,0.663023,0.456271,0.236122,0.103123,28133.250000,33790.060000,66574.410000,34152.530000,28784.940000
2023-07-24,-7894.320523,10850.371446,32839.362546,-6697.986144,-61088.963966,0.830680,0.663023,0.456271,0.236122,0.103123,28133.250000,33790.060000,66574.410000,34152.530000,28784.940000
2023-07-25,83875.010824,5354.159201,9527.668456,-5814.043153,-32348.680145,0.830680,0.663023,0.456271,0.236122,0.103123,28133.250000,33790.060000,66574.410000,34152.530000,28784.940000
2023-07-26,-20980.364587,-7193.199965,1396.414529,-6796.861873,27628.544803,0.830680,0.663023,0.456271,0.236122,0.103123,28133.250000,33790.060000,66574.410000,34152.530000,28784.940000
2023-07-27,-21901.206309,663.028952,6982.197430,-3232.371588,7841.050405,0.830680,0.663023,0.456271,0.236122,0.103123,28133.250000,33790.060000,66574.410000,34152.530000,28784.940000
2023-07-31,-44128.196648,24955.963201,-80557.005427,162743.816099,-107876.485641,0.830680,0.663023,0.456271,0.236122,0.103123,28133.250000,33790.060000,66574.410000,34152.530000,28784.940000
2023-08-01,37445.027055,8855.244798,3605.792762,-9678.684326,-37874.911849,0.836405,0.669574,0.459514,0.236993,0.102316,27327.420000,32951.530000,64123.480000,32683.450000,27008.400000
2023-08-02,50491.918334,19689.782869,12811.667985,-6458.876999,-59454.030480,0.836405,0.669574,0.459514,0.236993,0.102316,27327.420000,32951.530000,64123.480000,32683.450000,27008.400000
2023-08-03,14351.498414,34622.253404,34.228870,-19620.888291,-97870.655966,0.836405,0.669574,0.459514,0.236993,0.102316,27327.420000,32951.530000,64123.480000,32683.450000,27008.400000
2023-08-07,-5180.136495,27722.640899,25290.698018,-15440.366949,-78761.890470,0.836405,0.669574,0.459514,0.236993,0.102316,27327.420000,32951.530000,64123.480000,32683.450000,27008.400000
2023-08-08,-7857.773731,9998.002862,8985.773517,-9083.713229,-15958.677090,0.836405,0.669574,0.459514,0.236993,0.102316,27327.420000,32951.530000,64123.480000,32683.450000,27008.400000
2023-08-09,79903.309637,18779.346350,11103.993235,-7256.246984,-22519.333023,0.836405,0.669574,0.459514,0.236993,0.102316,27327.420000,32951.530000,64123.480000,32683.450000,27008.400000
2023-08-10,20521.821988,25652.413037,18321.706574,-1273.613037,-14689.267078,0.836405,0.669574,0.459514,0.236993,0.102316,27327.420000,32951.530000,64123.480000,32683.450000,27008.400000
2023-08-14,29396.712738,42373.037970,21051.168743,-38729.998335,-52106.206033,0.836405,0.669574,0.459514,0.236993,0.102316,27327.420000,32951.530000,64123.480000,32683.450000,27008.400000
2023-08-15,11129.087367,58804.211177,38085.482072,-20183.112170,-20541.031446,0.836405,0.669574,0.459514,0.236993,0.102316,27327.420000,32951.530000,64123.480000,32683.450000,27008.400000
2023-08-16,10789.883982,68914.303691,73412.097737,5264.701622,-10914.079785,0.836405,0.669574,0.459514,0.236993,0.102316,27327.420000,32951.530000,64123.480000,32683.450000,27008.400000
2023-08-17,16134.401059,26767.706453,21825.126506,-14.499340,-22596.749634,0.836405,0.669574,0.459514,0.236993,0.102316,27327.420000,32951.530000,64123.480000,32683.450000,27008.400000
2023-08-21,16386.695998,14638.771315,23527.983084,-10526.611329,-51470.484269,0.836405,0.669574,0.459514,0.236993,0.102316,27327.420000,32951.530000,64123.480000,32683.450000,27008.400000
2023-08-22,-1004.396490,700.749210,8931.334113,-3458.350189,-13240.594149,0.836405,0.669574,0.459514,0.236993,0.102316,27327.420000,32951.530000,64123.480000,32683.450000,27008.400000
2023-08-23,-3850.919589,-2065.948467,3393.541203,-3348.632870,-7928.820483,0.836405,0.669574,0.459514,0.236993,0.102316,27327.420000,32951.530000,64123.480000,32683.450000,27008.400000
2023-08-24,-9446.192214,-5317.786023,-1683.669841,3325.106248,9014.469706,0.836405,0.669574,0.459514,0.236993,0.102316,27327.420000,32951.530000,64123.480000,32683.450000,27008.400000
2023-08-28,7708.403450,5276.987814,19665.636476,-4013.946721,-27038.580177,0.836405,0.669574,0.459514,0.236993,0.102316,27327.420000,32951.530000,64123.480000,32683.450000,27008.400000
2023-08-29,5831.579796,5205.187281,9204.334653,-102.369105,-21537.805021,0.836405,0.669574,0.459514,0.236993,0.102316,27327.420000,32951.530000,64123.480000,32683.450000,27008.400000
2023-08-30,41055.651095,-21527.562946,-18785.275825,-2659.622051,80006.155022,0.836405,0.669574,0.459514,0.236993,0.102316,27327.420000,32951.530000,64123.480000,32683.450000,27008.400000
2023-08-31,-78194.934448,-5399.473239,-103586.587115,159800.136409,22433.487608,0.836405,0.669574,0.459514,0.236993,0.102316,27327.420000,32951.530000,64123.480000,32683.450000,27008.400000
2023-09-04,1708.153858,21306.094354,14235.166283,-17916.777997,-104023.900868,0.846975,0.678854,0.472500,0.244147,0.102777,25997.180000,31254.960000,59503.770000,29817.920000,24129.230000
2023-09-05,-2637.373711,907.069916,-9809.964895,-3894.793568,-16537.987082,0.846975,0.678854,0.472500,0.244147,0.102777,25997.180000,31254.960000,59503.770000,29817.920000,24129.230000
2023-09-06,14375.505247,611.848589,-16516.403838,-9046.107127,-21769.999032,0.846975,0.678854,0.472500,0.244147,0.102777,25997.180000,31254.960000,59503.770000,29817.920000,24129.230000
2023-09-07,4855.790519,6803.813783,288.656398,-5111.762321,-9652.271986,0.846975,0.678854,0.472500,0.244147,0.102777,25997.180000,31254.960000,59503.770000,29817.920000,24129.230000
2023-09-11,12127.813255,27020.284263,-35836.140332,-88503.961929,-60507.960600,0.846975,0.678854,0.472500,0.244147,0.102777,25997.180000,31254.960000,59503.770000,29817.920000,24129.230000
2023-09-12,47225.435694,33413.802983,27292.602934,4180.936669,6563.826296,0.846975,0.678854,0.472500,0.244147,0.102777,25997.180000,31254.960000,59503.770000,29817.920000,24129.230000
2023-09-13,10862.822393,42404.906843,33733.726425,4520.043361,853.173551,0.846975,0.678854,0.472500,0.244147,0.102777,25997.180000,31254.960000,59503.770000,29817.920000,24129.230000
2023-09-14,20496.429842,57161.238396,48235.535462,8677.320894,9188.780439,0.846975,0.678854,0.472500,0.244147,0.102777,25997.180000,31254.960000,59503.770000,29817.920000,24129.230000
2023-09-19,34396.141710,53104.609222,65524.876482,4317.979497,-23751.885303,0.846975,0.678854,0.472500,0.244147,0.102777,25997.180000,31254.960000,59503.770000,29817.920000,24129.230000
2023-09-20,-6550.726323,6490.012684,5171.994682,-3965.561283,-18879.950576,0.846975,0.678854,0.472500,0.244147,0.102777,25997.180000,31254.960000,59503.770000,29817.920000,24129.230000
2023-09-21,3949.027246,-1231.065037,6032.891025,-4970.488106,-26171.485120,0.846975,0.678854,0.472500,0.244147,0.102777,25997.180000,31254.960000,59503.770000,29817.920000,24129.230000
2023-09-25,8838.271670,15649.396883,16404.418054,-9798.306653,-59751.435148,0.846975,0.678854,0.472500,0.244147,0.102777,25997.180000,31254.960000,59503.770000,29817.920000,24129.230000
2023-09-26,12653.991764,9189.080293,5570.332170,-2855.942941,-35319.217196,0.846975,0.678854,0.472500,0.244147,0.102777,25997.180000,31254.960000,59503.770000,29817.920000,24129.230000
2023-09-27,-14002.473340,-8505.272333,-4760.596233,-4123.358204,41432.018670,0.846975,0.678854,0.472500,0.244147,0.102777,25997.180000,31254.960000,59503.770000,29817.920000,24129.230000
2023-09-28,-14039.003044,-3910.962850,-4684.386937,-407.102759,14866.691805,0.846975,0.678854,0.472500,0.244147,0.102777,25997.180000,31254.960000,59503.770000,29817.920000,24129.230000
2023-10-02,-78802.998239,1707.526621,-103168.894286,149072.591236,-33157.878322,0.840481,0.676814,0.468020,0.237836,0.100493,25292.510000,30787.110000,57738.540000,28733.500000,22717.670000
2023-10-03,3071.220247,7660.651570,8288.128121,-4623.586078,-31499.881837,0.840481,0.676814,0.468020,0.237836,0.100493,25292.510000,30787.110000,57738.540000,28733.500000,22717.670000
2023-10-04,18978.380291,13293.877464,-4846.026141,-10629.750686,-53158.187398,0.840481,0.676814,0.468020,0.237836,0.100493,25292.510000,30787.110000,57738.540000,28733.500000,22717.670000
2023-10-05,8288.665119,9889.342910,6081.741994,-2480.119564,-26449.496396,0.840481,0.676814,0.468020,0.237836,0.100493,25292.510000,30787.110000,57738.540000,28733.500000,22717.670000
2023-10-09,15785.599509,15421.623650,18842.848834,-4973.464803,-39121.042435,0.840481,0.676814,0.468020,0.237836,0.100493,25292.510000,30787.110000,57738.540000,28733.500000,22717.670000
2023-10-10,21966.197021,19782.537415,10932.011165,-8651.558085,-35141.788793,0.840481,0.676814,0.468020,0.237836,0.100493,25292.510000,30787.110000,57738.540000,28733.500000,22717.670000
2023-10-11,74633.761175,24377.645371,-6644.544010,-32870.920084,-37921.404717,0.840481,0.676814,0.468020,0.237836,0.100493,25292.510000,30787.110000,57738.540000,28733.500000,22717.670000
2023-10-12,102116.932204,66066.793310,34071.845923,-12325.641072,-84271.322231,0.840481,0.676814,0.468020,0.237836,0.100493,25292.510000,30787.110000,57738.540000,28733.500000,22717.670000
2023-10-16,70436.719822,119161.226298,89652.176727,-22343.382370,-82744.470124,0.840481,0.676814,0.468020,0.237836,0.100493,25292.510000,30787.110000,57738.540000,28733.500000,22717.670000
2023-10-17,32070.960523,53435.969443,46966.742760,10534.311926,-8252.723130,0.840481,0.676814,0.468020,0.237836,0.100493,25292.510000,30787.110000,57738.540000,28733.500000,22717.670000
2023-10-18,10417.019255,8954.013564,-5192.508009,-7951.757551,-27752.269094,0.840481,0.676814,0.468020,0.237836,0.100493,25292.510000,30787.110000,57738.540000,28733.500000,22717.670000
2023-10-19,-11908.233683,-2297.728402,-2123.532629,-1702.818950,9794.184488,0.840481,0.676814,0.468020,0.237836,0.100493,25292.510000,30787.110000,57738.540000,28733.500000,22717.670000
2023-10-23,-49486.736446,-1900.725226,11346.533497,-11406.476831,-2749.875799,0.840481,0.676814,0.468020,0.237836,0.100493,25292.510000,30787.110000,57738.540000,28733.500000,22717.670000
2023-10-24,-7661.337715,-2030.291578,-485.952071,-1223.582023,-353.953626,0.840481,0.676814,0.468020,0.237836,0.100493,25292.510000,30787.110000,57738.540000,28733.500000,22717.670000
2023-10-25,-887.209889,-1005.745440,493.940776,-5456.949308,-9920.630966,0.840481,0.676814,0.468020,0.237836,0.100493,25292.510000,30787.110000,57738.540000,28733.500000,22717.670000
2023-10-30,-12294.578276,870.580399,6944.321393,-2252.587193,-4455.525563,0.840481,0.676814,0.468020,0.237836,0.100493,25292.510000,30787.110000,57738.540000,28733.500000,22717.670000
2023-11-01,-57013.791920,15615.598122,-98605.840686,157219.203621,-10964.913165,0.833272,0.666342,0.455182,0.224572,0.094952,27429.420000,33647.000000,63729.600000,32425.880000,25366.060000
2023-11-02,3834.300901,4686.909036,-2320.134536,-20432.011391,-46024.019856,0.833272,0.666342,0.455182,0.224572,0.094952,27429.420000,33647.000000,63729.600000,32425.880000,25366.060000
2023-11-06,5133.678740,6559.803041,6.324499,-5745.055708,-30511.962168,0.833272,0.666342,0.455182,0.224572,0.094952,27429.420000,33647.000000,63729.600000,32425.880000,25366.060000
2023-11-07,-25.704612,-1625.858974,-20473.904670,-7311.256315,-25939.119371,0.833272,0.666342,0.455182,0.224572,0.094952,27429.420000,33647.000000,63729.600000,32425.880000,25366.060000
2023-11-08,32947.135910,19365.105317,24060.647283,-6571.807444,-69050.418948,0.833272,0.666342,0.455182,0.224572,0.094952,27429.420000,33647.000000,63729.600000,32425.880000,25366.060000
2023-11-09,10663.903219,11214.381754,5842.023875,-6003.673611,-34398.676735,0.833272,0.666342,0.455182,0.224572,0.094952,27429.420000,33647.000000,63729.600000,32425.880000,25366.060000
2023-11-13,51769.662424,38101.971816,-8920.613926,-72455.325298,-95048.572795,0.833272,0.666342,0.455182,0.224572,0.094952,27429.420000,33647.000000,63729.600000,32425.880000,25366.060000
2023-11-14,23479.959680,26945.146494,8172.977614,-4545.839073,-24603.879507,0.833272,0.666342,0.455182,0.224572,0.094952,27429.420000,33647.000000,63729.600000,32425.880000,25366.060000
2023-11-15,37452.965903,48877.954242,24160.088430,-12969.178181,-29811.263468,0.833272,0.666342,0.455182,0.224572,0.094952,27429.420000,33647.000000,63729.600000,32425.880000,25366.060000
2023-11-16,45861.488452,73319.006757,60234.562438,13003.904784,18842.010415,0.833272,0.666342,0.455182,0.224572,0.094952,27429.420000,33647.000000,63729.600000,32425.880000,25366.060000
2023-11-20,53427.080154,76326.685737,57828.809396,6660.885396,-43222.330505,0.833272,0.666342,0.455182,0.224572,0.094952,27429.420000,33647.000000,63729.600000,32425.880000,25366.060000
2023-11-21,-12229.219509,-3733.528745,-5051.971144,-3914.318976,10991.509136,0.833272,0.666342,0.455182,0.224572,0.094952,27429.420000,33647.000000,63729.600000,32425.880000,25366.060000
2023-11-22,-8392.692382,-5865.580319,-5504.511876,-6647.729916,11919.337774,0.833272,0.666342,0.455182,0.224572,0.094952,27429.420000,33647.000000,63729.600000,32425.880000,25366.060000
2023-11-23,-2806.819604,-1523.625454,-6333.182743,-3811.216339,-2102.246641,0.833272,0.666342,0.455182,0.224572,0.094952,27429.420000,33647.000000,63729.600000,32425.880000,25366.060000
2023-11-27,-11298.619244,-10828.013012,1062.091484,-6476.729991,20832.449196,0.833272,0.666342,0.455182,0.224572,0.094952,27429.420000,33647.000000,63729.600000,32425.880000,25366.060000
2023-11-28,718.142887,-600.542599,-2242.527137,259.398191,-2017.253005,0.833272,0.666342,0.455182,0.224572,0.094952,27429.420000,33647.000000,63729.600000,32425.880000,25366.060000
2023-11-29,5017.226988,452.160901,912.504595,-4804.279499,-6136.229043,0.833272,0.666342,0.455182,0.224572,0.094952,27429.420000,33647.000000,63729.600000,32425.880000,25366.060000
2023-11-30,-70474.798416,2425.349252,-104013.007411,159579.027845,-2642.428029,0.833272,0.666342,0.455182,0.224572,0.094952,27429.420000,33647.000000,63729.600000,32425.880000,25366.060000
2023-12-04,6622.822949,180.671148,-9708.974516,-21309.438332,-28924.547183,0.834960,0.673213,0.464268,0.230553,0.099004,28609.880000,35052.880000,65486.470000,33323.960000,26121.150000
2023-12-05,-6753.869411,-4775.428611,-15180.120982,-1803.941009,8103.829655,0.834960,0.673213,0.464268,0.230553,0.099004,28609.880000,35052.880000,65486.470000,33323.960000,26121.150000
2023-12-06,-3852.403214,-6699.379761,-22065.204631,-2961.035756,3281.321335,0.834960,0.673213,0.464268,0.230553,0.099004,28609.880000,35052.880000,65486.470000,33323.960000,26121.150000
2023-12-07,0.000000,0.000000,-9911.346412,-4746.020850,-0.000000,0.834960,0.673213,0.464268,0.230553,0.099004,28609.880000,35052.880000,65486.470000,33323.960000,26121.150000
2023-12-11,-15240.244835,-14328.778947,-26940.081664,-47694.597649,11286.644284,0.834960,0.673213,0.464268,0.230553,0.099004,28609.880000,35052.880000,65486.470000,33323.960000,26121.150000
2023-12-12,31448.073467,16196.386039,-12897.560834,-22930.636198,-44813.960840,0.834960,0.673213,0.464268,0.230553,0.099004,28609.880000,35052.880000,65486.470000,33323.960000,26121.150000
2023-12-13,-8000.184607,-1869.997291,-12325.224070,-10380.483560,43840.935110,0.834960,0.673213,0.464268,0.230553,0.099004,28609.880000,35052.880000,65486.470000,33323.960000,26121.150000
2023-12-14,-1052.238988,19072.875517,7935.806269,-508.201080,51928.920504,0.834960,0.673213,0.464268,0.230553,0.099004,28609.880000,35052.880000,65486.470000,33323.960000,26121.150000
2023-12-18,58725.664110,95257.017262,98601.978903,18017.225514,60724.087964,0.834960,0.673213,0.464268,0.230553,0.099004,28609.880000,35052.880000,65486.470000,33323.960000,26121.150000
2023-12-19,22162.085798,44389.520493,28638.011601,14104.795148,20860.424800,0.834960,0.673213,0.464268,0.230553,0.099004,28609.880000,35052.880000,65486.470000,33323.960000,26121.150000
2023-12-20,4595.147720,1298.492403,-3503.153908,-7463.969653,-13520.048416,0.834960,0.673213,0.464268,0.230553,0.099004,28609.880000,35052.880000,65486.470000,33323.960000,26121.150000
2023-12-21,-2819.375424,484.093311,-3146.756121,-4014.303927,-7381.836226,0.834960,0.673213,0.464268,0.230553,0.099004,28609.880000,35052.880000,65486.470000,33323.960000,26121.150000
2023-12-25,2971.541404,399.693835,3209.112168,-3458.141074,758.048358,0.834960,0.673213,0.464268,0.230553,0.099004,28609.880000,35052.880000,65486.470000,33323.960000,26121.150000
2023-12-26,-1396.543329,-508.083642,435.594673,-1644.385160,-2350.277872,0.834960,0.673213,0.464268,0.230553,0.099004,28609.880000,35052.880000,65486.470000,33323.960000,26121.150000
2023-12-27,-31816.597630,-14041.142150,-10542.575242,-1950.128494,45115.119067,0.834960,0.673213,0.464268,0.230553,0.099004,28609.880000,35052.880000,65486.470000,33323.960000,26121.150000
2023-12-28,-16372.650170,-7870.372770,487.083517,3093.323775,12549.955307,0.834960,0.673213,0.464268,0.230553,0.099004,28609.880000,35052.880000,65486.470000,33323.960000,26121.150000
2024-01-01,-86623.797788,1598.906276,-104732.637936,178064.528805,17620.878958,0.841372,0.686468,0.477165,0.235675,0.101047,27888.370000,34001.580000,62237.760000,31408.530000,24075.590000
2024-01-02,-1774.942115,-2470.652928,-6837.781806,-11743.424184,-6056.731457,0.841372,0.686468,0.477165,0.235675,0.101047,27888.370000,34001.580000,62237.760000,31408.530000,24075.590000
2024-01-03,4914.252391,1039.652162,-1852.563930,5948.032439,-9543.176056,0.841372,0.686468,0.477165,0.235675,0.101047,27888.370000,34001.580000,62237.760000,31408.530000,24075.590000
2024-01-04,4742.110178,-5379.574220,-24258.573729,-20665.584732,-22382.186812,0.841372,0.686468,0.477165,0.235675,0.101047,27888.370000,34001.580000,62237.760000,31408.530000,24075.590000
2024-01-08,17528.506757,9373.274551,4254.561328,-9454.917978,-29452.950538,0.841372,0.686468,0.477165,0.235675,0.101047,27888.370000,34001.580000,62237.760000,31408.530000,24075.590000
2024-01-09,-316.035300,-4543.365638,7535.902313,-6650.383632,-7836.105243,0.841372,0.686468,0.477165,0.235675,0.101047,27888.370000,34001.580000,62237.760000,31408.530000,24075.590000
2024-01-10,3095.786955,-813.393810,-4448.514649,-5990.586282,3753.566223,0.841372,0.686468,0.477165,0.235675,0.101047,27888.370000,34001.580000,62237.760000,31408.530000,24075.590000
2024-01-11,7332.643322,8835.779665,-21614.972876,-29223.729978,-19698.011283,0.841372,0.686468,0.477165,0.235675,0.101047,27888.370000,34001.580000,62237.760000,31408.530000,24075.590000
2024-01-12,0.000000,0.000000,6186.664089,-0.000000,0.000000,0.841372,0.686468,0.477165,0.235675,0.101047,27888.370000,34001.580000,62237.760000,31408.530000,24075.590000
2024-01-15,125636.593639,90279.150040,33558.872974,-50344.082506,-163354.288396,0.841372,0.686468,0.477165,0.235675,0.101047,27888.370000,34001.580000,62237.760000,31408.530000,24075.590000
2024-01-16,62331.033911,68349.812710,48511.352071,-1670.856073,-48623.853327,0.841372,0.686468,0.477165,0.235675,0.101047,27888.370000,34001.580000,62237.760000,31408.530000,24075.590000
2024-01-17,40572.273493,54585.389282,49440.911934,4561.522267,-21224.035620,0.841372,0.686468,0.477165,0.235675,0.101047,27888.370000,34001.580000,62237.760000,31408.530000,24075.590000
2024-01-18,39443.739411,67120.687556,50862.617181,9036.959958,-13819.593529,0.841372,0.686468,0.477165,0.235675,0.101047,27888.370000,34001.580000,62237.760000,31408.530000,24075.590000
2024-01-22,16857.330761,19490.065074,21806.255455,-7017.559746,-42368.110858,0.841372,0.686468,0.477165,0.235675,0.101047,27888.370000,34001.580000,62237.760000,31408.530000,24075.590000
2024-01-23,-27836.715015,-13907.236364,-19622.271897,-3257.069976,52910.956444,0.841372,0.686468,0.477165,0.235675,0.101047,27888.370000,34001.580000,62237.760000,31408.530000,24075.590000
2024-01-24,-8231.344113,-7229.632396,-9012.920385,-4237.612412,13134.115691,0.841372,0.686468,0.477165,0.235675,0.101047,27888.370000,34001.580000,62237.760000,31408.530000,24075.590000
2024-01-25,8122.779693,8130.787292,-4324.469805,-2997.718077,-22336.690180,0.841372,0.686468,0.477165,0.235675,0.101047,27888.370000,34001.580000,62237.760000,31408.530000,24075.590000
2024-01-29,29603.962754,10463.028293,4639.558749,-5351.160278,-37643.677406,0.841372,0.686468,0.477165,0.235675,0.101047,27888.370000,34001.580000,62237.760000,31408.530000,24075.590000
2024-01-30,13780.482294,8290.911588,4550.371712,1200.885509,-24390.269417,0.841372,0.686468,0.477165,0.235675,0.101047,27888.370000,34001.580000,62237.760000,31408.530000,24075.590000
2024-01-31,-65622.994156,10629.501111,-95659.688294,164250.230967,-17021.562447,0.841372,0.686468,0.477165,0.235675,0.101047,27888.370000,34001.580000,62237.760000,31408.530000,24075.590000
2024-02-01,5226.392692,3603.277049,-15918.793682,-16567.087590,-34071.532379,0.842670,0.694894,0.495620,0.242185,0.101941,28533.130000,34306.370000,60841.050000,30012.090000,22385.690000
2024-02-05,4320.034215,1404.901546,-9853.977217,-5747.095522,-17134.024769,0.842670,0.694894,0.495620,0.242185,0.101941,28533.130000,34306.370000,60841.050000,30012.090000,22385.690000
2024-02-06,6366.516774,42.931237,-20770.669075,-10265.612148,-24331.377992,0.842670,0.694894,0.495620,0.242185,0.101941,28533.130000,34306.370000,60841.050000,30012.090000,22385.690000
2024-02-07,5108.583393,2100.542993,-767.078283,-950.423363,-8825.603971,0.842670,0.694894,0.495620,0.242185,0.101941,28533.130000,34306.370000,60841.050000,30012.090000,22385.690000
2024-02-08,8190.701413,7888.978817,3688.201544,-3234.753324,-13147.392639,0.842670,0.694894,0.495620,0.242185,0.101941,28533.130000,34306.370000,60841.050000,30012.090000,22385.690000
2024-02-12,26251.372584,16146.658516,-16605.031093,-65099.127696,-37476.260606,0.842670,0.694894,0.495620,0.242185,0.101941,28533.130000,34306.370000,60841.050000,30012.090000,22385.690000
2024-02-13,49504.836946,28099.582828,11887.957680,1928.612515,-57925.387933,0.842670,0.694894,0.495620,0.242185,0.101941,28533.130000,34306.370000,60841.050000,30012.090000,22385.690000
2024-02-14,36794.269387,45375.671541,22599.017372,-12142.281100,-37121.255394,0.842670,0.694894,0.495620,0.242185,0.101941,28533.130000,34306.370000,60841.050000,30012.090000,22385.690000
2024-02-15,38740.777382,60870.637192,28191.761113,-4254.484999,-27479.563017,0.842670,0.694894,0.495620,0.242185,0.101941,28533.130000,34306.370000,60841.050000,30012.090000,22385.690000
2024-02-19,58920.223513,109723.265002,81282.727071,12260.797091,33689.162844,0.842670,0.694894,0.495620,0.242185,0.101941,28533.130000,34306.370000,60841.050000,30012.090000,22385.690000
2024-02-20,-4155.670204,-2464.744990,-8340.692157,-541.281181,4423.394353,0.842670,0.694894,0.495620,0.242185,0.101941,28533.130000,34306.370000,60841.050000,30012.090000,22385.690000
2024-02-21,148.060151,-1668.222046,-955.960650,-1809.393874,-2685.433951,0.842670,0.694894,0.495620,0.242185,0.101941,28533.130000,34306.370000,60841.050000,30012.090000,22385.690000
2024-02-22,-2038.793443,246.710592,-2118.265244,-5723.525129,-8439.589790,0.842670,0.694894,0.495620,0.242185,0.101941,28533.130000,34306.370000,60841.050000,30012.090000,22385.690000
2024-02-26,22871.280339,12823.031158,6017.525215,-5580.905426,-38813.281797,0.842670,0.694894,0.495620,0.242185,0.101941,28533.130000,34306.370000,60841.050000,30012.090000,22385.690000
2024-02-27,13351.951632,4226.499564,1859.299087,-5297.913539,-22989.891875,0.842670,0.694894,0.495620,0.242185,0.101941,28533.130000,34306.370000,60841.050000,30012.090000,22385.690000
2024-02-28,43405.522894,21639.626420,10221.001008,-4349.594173,-73795.116282,0.842670,0.694894,0.495620,0.242185,0.101941,28533.130000,34306.370000,60841.050000,30012.090000,22385.690000
2024-02-29,-66214.990836,5970.960531,-91018.311113,169069.396233,-23059.630204,0.842670,0.694894,0.495620,0.242185,0.101941,28533.130000,34306.370000,60841.050000,30012.090000,22385.690000
2024-03-04,40913.260707,25144.973388,12214.207200,-24803.840958,-103262.633666,0.838723,0.692384,0.502142,0.247481,0.102036,29460.770000,35362.710000,62074.950000,30499.970000,22432.460000
2024-03-05,17014.787809,19536.120296,9074.059374,-9620.822710,-45543.827627,0.838723,0.692384,0.502142,0.247481,0.102036,29460.770000,35362.710000,62074.950000,30499.970000,22432.460000
2024-03-06,10968.448645,814.840039,-9210.296998,-14522.733609,-33722.625124,0.838723,0.692384,0.502142,0.247481,0.102036,29460.770000,35362.710000,62074.950000,30499.970000,22432.460000
2024-03-07,7854.322070,9062.225312,8149.462254,-3020.041729,-26953.697731,0.838723,0.692384,0.502142,0.247481,0.102036,29460.770000,35362.710000,62074.950000,30499.970000,22432.460000
2024-03-11,19119.978351,11281.180068,2266.184752,-26230.769030,-40082.253714,0.838723,0.692384,0.502142,0.247481,0.102036,29460.770000,35362.710000,62074.950000,30499.970000,22432.460000
2024-03-12,6632.169813,10526.591484,-1860.252736,-23286.150875,-18993.075881,0.838723,0.692384,0.502142,0.247481,0.102036,29460.770000,35362.710000,62074.950000,30499.970000,22432.460000
2024-03-13,18157.422535,20870.251451,10251.678332,-10726.492025,-17903.710592,0.838723,0.692384,0.502142,0.247481,0.102036,29460.770000,35362.710000,62074.950000,30499.970000,22432.460000
2024-03-14,8735.488805,29271.377415,14491.238207,-3247.980128,17907.030384,0.838723,0.692384,0.502142,0.247481,0.102036,29460.770000,35362.710000,62074.950000,30499.970000,22432.460000
2024-03-18,99198.096822,125492.701648,74983.141033,-32027.286244,-18486.675924,0.838723,0.692384,0.502142,0.247481,0.102036,29460.770000,35362.710000,62074.950000,30499.970000,22432.460000
2024-03-19,-28930.849638,4285.727351,30770.647951,6198.994219,78920.548015,0.838723,0.692384,0.502142,0.247481,0.102036,29460.770000,35362.710000,62074.950000,30499.970000,22432.460000
2024-03-20,-14848.307082,-14534.211598,-1178.118242,-3034.282493,33785.629024,0.838723,0.692384,0.502142,0.247481,0.102036,29460.770000,35362.710000,62074.950000,30499.970000,22432.460000
2024-03-21,-9558.431494,-6332.807565,-4997.758787,-2833.487495,9188.642151,0.838723,0.692384,0.502142,0.247481,0.102036,29460.770000,35362.710000,62074.950000,30499.970000,22432.460000
2024-03-25,66.791481,580.051190,14050.621361,-10342.830621,-19231.702795,0.838723,0.692384,0.502142,0.247481,0.102036,29460.770000,35362.710000,62074.950000,30499.970000,22432.460000
2024-03-26,33494.770006,19900.174702,-6499.171992,-4040.365699,-54948.383518,0.838723,0.692384,0.502142,0.247481,0.102036,29460.770000,35362.710000,62074.950000,30499.970000,22432.460000
2024-03-27,22414.642933,10766.979996,5365.018203,-3133.488211,-38786.011298,0.838723,0.692384,0.502142,0.247481,0.102036,29460.770000,35362.710000,62074.950000,30499.970000,22432.460000
2024-04-01,-44663.943174,31328.266368,-115347.228354,145463.721181,-83721.763910,0.833821,0.678907,0.492691,0.241451,0.102608,29582.310000,35789.340000,62404.970000,30700.340000,22148.580000
2024-04-02,22829.321607,9177.144794,2545.495178,-3905.089121,-30825.735279,0.833821,0.678907,0.492691,0.241451,0.102608,29582.310000,35789.340000,62404.970000,30700.340000,22148.580000
2024-04-03,19542.698047,8902.150323,-17545.673195,-14725.102921,-38842.866485,0.833821,0.678907,0.492691,0.241451,0.102608,29582.310000,35789.340000,62404.970000,30700.340000,22148.580000
2024-04-04,8562.597507,4820.619281,-6899.469276,-5876.476313,-23276.599547,0.833821,0.678907,0.492691,0.241451,0.102608,29582.310000,35789.340000,62404.970000,30700.340000,22148.580000
2024-04-08,75531.551168,52956.683154,12980.469102,-9175.945736,-143624.093000,0.833821,0.678907,0.492691,0.241451,0.102608,29582.310000,35789.340000,62404.970000,30700.340000,22148.580000
2024-04-09,9287.942584,913.893173,-9371.183435,-6817.333803,-5582.475469,0.833821,0.678907,0.492691,0.241451,0.102608,29582.310000,35789.340000,62404.970000,30700.340000,22148.580000
2024-04-10,5083.103172,2853.482581,5579.500296,-10842.839532,-6791.376840,0.833821,0.678907,0.492691,0.241451,0.102608,29582.310000,35789.340000,62404.970000,30700.340000,22148.580000
2024-04-11,12750.189053,10023.894593,-19220.289514,-31394.525315,-23012.625135,0.833821,0.678907,0.492691,0.241451,0.102608,29582.310000,35789.340000,62404.970000,30700.340000,22148.580000
2024-04-15,67553.441550,59962.002611,24316.424180,-50458.251082,-59336.986251,0.833821,0.678907,0.492691,0.241451,0.102608,29582.310000,35789.340000,62404.970000,30700.340000,22148.580000
2024-04-16,38764.256531,46814.968762,33301.514196,-173.595583,-10497.048973,0.833821,0.678907,0.492691,0.241451,0.102608,29582.310000,35789.340000,62404.970000,30700.340000,22148.580000
2024-04-17,35728.599616,47062.306339,44724.962292,4239.765097,-6598.863995,0.833821,0.678907,0.492691,0.241451,0.102608,29582.310000,35789.340000,62404.970000,30700.340000,22148.580000
2024-04-18,36469.238212,63009.133509,49067.541529,11598.373320,3162.785898,0.833821,0.678907,0.492691,0.241451,0.102608,29582.310000,35789.340000,62404.970000,30700.340000,22148.580000
2024-04-22,22441.234219,12233.983802,25840.548648,-5531.450133,-47041.585065,0.833821,0.678907,0.492691,0.241451,0.102608,29582.310000,35789.340000,62404.970000,30700.340000,22148.580000
2024-04-23,4769.257013,991.099081,3742.370889,-5464.013940,-14503.110773,0.833821,0.678907,0.492691,0.241451,0.102608,29582.310000,35789.340000,62404.970000,30700.340000,22148.580000
2024-04-24,5143.014365,4626.040580,-5115.160859,-6897.654416,-21930.881060,0.833821,0.678907,0.492691,0.241451,0.102608,29582.310000,35789.340000,62404.970000,30700.340000,22148.580000
2024-04-25,-17451.815560,-10456.138742,3920.963781,-549.264261,14814.901274,0.833821,0.678907,0.492691,0.241451,0.102608,29582.310000,35789.340000,62404.970000,30700.340000,22148.580000
2024-04-29,336.863590,-8029.668202,9687.357312,-5332.245420,-2239.530808,0.833821,0.678907,0.492691,0.241451,0.102608,29582.310000,35789.340000,62404.970000,30700.340000,22148.580000
2024-05-01,-76590.689425,2942.562440,-99326.925138,161668.732923,512.385581,0.832048,0.672646,0.482444,0.233330,0.099042,30113.180000,36772.890000,64509.390000,31776.170000,22802.750000
2024-05-02,10508.547602,3351.723861,-15057.190454,-17058.648199,-39542.938179,0.832048,0.672646,0.482444,0.233330,0.099042,30113.180000,36772.890000,64509.390000,31776.170000,22802.750000
2024-05-06,13766.787191,11590.894314,289.862491,-6218.959593,-42526.750708,0.832048,0.672646,0.482444,0.233330,0.099042,30113.180000,36772.890000,64509.390000,31776.170000,22802.750000
2024-05-07,87.939140,-2651.796540,-9058.476786,-3166.225968,-7274.127374,0.832048,0.672646,0.482444,0.233330,0.099042,30113.180000,36772.890000,64509.390000,31776.170000,22802.750000
2024-05-08,5931.586911,277.377201,-15317.044084,-11637.593128,-11413.418294,0.832048,0.672646,0.482444,0.233330,0.099042,30113.180000,36772.890000,64509.390000,31776.170000,22802.750000
2024-05-09,1298.452652,2100.151931,-4633.320403,-5421.142935,-9272.893213,0.832048,0.672646,0.482444,0.233330,0.099042,30113.180000,36772.890000,64509.390000,31776.170000,22802.750000
2024-05-13,19226.547712,18815.363994,-31949.075699,-74420.877567,-30530.617680,0.832048,0.672646,0.482444,0.233330,0.099042,30113.180000,36772.890000,64509.390000,31776.170000,22802.750000
2024-05-14,15067.086641,15855.309107,1255.755011,-10504.520177,-65.804221,0.832048,0.672646,0.482444,0.233330,0.099042,30113.180000,36772.890000,64509.390000,31776.170000,22802.750000
2024-05-15,29037.764284,42024.304530,25497.673542,-9097.998204,-20363.227066,0.832048,0.672646,0.482444,0.233330,0.099042,30113.180000,36772.890000,64509.390000,31776.170000,22802.750000
2024-05-16,51127.766559,71779.489401,60972.744579,14248.305682,13435.773314,0.832048,0.672646,0.482444,0.233330,0.099042,30113.180000,36772.890000,64509.390000,31776.170000,22802.750000
2024-05-20,40215.250037,61841.390169,57115.813807,11257.319688,3456.590315,0.832048,0.672646,0.482444,0.233330,0.099042,30113.180000,36772.890000,64509.390000,31776.170000,22802.750000
2024-05-21,1473.712232,3896.845998,5895.242339,-1207.250216,-3160.711478,0.832048,0.672646,0.482444,0.233330,0.099042,30113.180000,36772.890000,64509.390000,31776.170000,22802.750000
2024-05-22,-33488.901814,-22396.650254,-9880.124678,-3678.677710,62185.868345,0.832048,0.672646,0.482444,0.233330,0.099042,30113.180000,36772.890000,64509.390000,31776.170000,22802.750000
2024-05-23,-14950.062625,-10684.005510,-10007.999016,-4583.177187,18046.622067,0.832048,0.672646,0.482444,0.233330,0.099042,30113.180000,36772.890000,64509.390000,31776.170000,22802.750000
2024-05-27,-8914.574681,-11165.650120,-5240.561422,-6952.947612,15443.033847,0.832048,0.672646,0.482444,0.233330,0.099042,30113.180000,36772.890000,64509.390000,31776.170000,22802.750000
2024-05-28,-1835.941176,-7347.724101,1076.426603,-1886.155832,7853.689538,0.832048,0.672646,0.482444,0.233330,0.099042,30113.180000,36772.890000,64509.390000,31776.170000,22802.750000
2024-05-29,-3321.933837,-4161.456989,-2072.300392,-455.980192,2221.071118,0.832048,0.672646,0.482444,0.233330,0.099042,30113.180000,36772.890000,64509.390000,31776.170000,22802.750000
2024-05-30,-10154.280371,-8230.114578,-3112.310271,-2058.747826,9142.287804,0.832048,0.672646,0.482444,0.233330,0.099042,30113.180000,36772.890000,64509.390000,31776.170000,22802.750000
2024-06-03,-83479.989394,-24358.418789,-93097.481760,184124.151028,-23988.796016,0.837088,0.683685,0.498645,0.244489,0.100998,30217.980000,36843.620000,62901.580000,30852.890000,21710.300000
2024-06-04,-6410.586650,-7297.980802,-5693.150373,-3178.469249,4098.826379,0.837088,0.683685,0.498645,0.244489,0.100998,30217.980000,36843.620000,62901.580000,30852.890000,21710.300000
2024-06-05,30939.329923,26278.873441,52261.764882,-1564.193359,4173.664135,0.837088,0.683685,0.498645,0.244489,0.100998,30217.980000,36843.620000,62901.580000,30852.890000,21710.300000
2024-06-06,3917.445304,43348.844695,-15371.971766,5852.630673,6402.923961,0.837088,0.683685,0.498645,0.244489,0.100998,30217.980000,36843.620000,62901.580000,30852.890000,21710.300000
2024-06-10,19193.133085,42131.496079,25127.723332,-19654.642167,-9782.002759,0.837088,0.683685,0.498645,0.244489,0.100998,30217.980000,36843.620000,62901.580000,30852.890000,21710.300000
2024-06-11,5040.498830,5107.698702,-34733.377907,-39531.777097,-19964.374860,0.837088,0.683685,0.498645,0.244489,0.100998,30217.980000,36843.620000,62901.580000,30852.890000,21710.300000
2024-06-12,6784.596626,4499.822451,-2941.481162,-12563.041477,3910.418300,0.837088,0.683685,0.498645,0.244489,0.100998,30217.980000,36843.620000,62901.580000,30852.890000,21710.300000
2024-06-13,5541.071347,21775.995677,14713.811022,-1128.593643,9643.832345,0.837088,0.683685,0.498645,0.244489,0.100998,30217.980000,36843.620000,62901.580000,30852.890000,21710.300000
2024-06-17,58487.007412,92456.517372,70334.584489,-18610.968978,-4147.382527,0.837088,0.683685,0.498645,0.244489,0.100998,30217.980000,36843.620000,62901.580000,30852.890000,21710.300000
2024-06-18,35902.703489,50172.287994,38125.464823,9564.869844,11297.277899,0.837088,0.683685,0.498645,0.244489,0.100998,30217.980000,36843.620000,62901.580000,30852.890000,21710.300000
2024-06-20,14555.328355,25674.096531,18873.110741,13470.182471,654.145786,0.837088,0.683685,0.498645,0.244489,0.100998,30217.980000,36843.620000,62901.580000,30852.890000,21710.300000
2024-06-24,28905.415472,11551.161529,-5675.159549,-5739.903047,-53376.308710,0.837088,0.683685,0.498645,0.244489,0.100998,30217.980000,36843.620000,62901.580000,30852.890000,21710.300000
2024-06-25,46306.135793,25518.379604,6074.879114,-1990.769354,-81934.113310,0.837088,0.683685,0.498645,0.244489,0.100998,30217.980000,36843.620000,62901.580000,30852.890000,21710.300000
2024-06-26,24748.945827,14356.860338,9309.188875,-2162.766722,-54806.875724,0.837088,0.683685,0.498645,0.244489,0.100998,30217.980000,36843.620000,62901.580000,30852.890000,21710.300000
2024-06-27,16883.865594,12559.148011,15595.039642,-6778.984621,-46671.566791,0.837088,0.683685,0.498645,0.244489,0.100998,30217.980000,36843.620000,62901.580000,30852.890000,21710.300000
2024-06-28,-56079.306969,13779.555917,-95724.083004,167339.654116,-35299.243663,0.837088,0.683685,0.498645,0.244489,0.100998,30217.980000,36843.620000,62901.580000,30852.890000,21710.300000
2024-07-01,8241.499669,6473.909258,-6626.134855,-20028.380922,-36991.892322,0.833625,0.678661,0.496418,0.239314,0.101911,30560.870000,37510.620000,63796.390000,31549.950000,22133.980000
2024-07-02,10043.993148,9004.997693,14137.128755,106.910244,-34798.992291,0.833625,0.678661,0.496418,0.239314,0.101911,30560.870000,37510.620000,63796.390000,31549.950000,22133.980000
2024-07-03,10046.186246,4994.270867,-15183.617912,-15582.932649,-35998.286142,0.833625,0.678661,0.496418,0.239314,0.101911,30560.870000,37510.620000,63796.390000,31549.950000,22133.980000
2024-07-04,2712.908392,-497.655833,2271.459208,-2759.675090,-16322.942797,0.833625,0.678661,0.496418,0.239314,0.101911,30560.870000,37510.620000,63796.390000,31549.950000,22133.980000
2024-07-05,17092.856434,11447.908420,10021.883546,-6484.125431,-30193.276121,0.833625,0.678661,0.496418,0.239314,0.101911,30560.870000,37510.620000,63796.390000,31549.950000,22133.980000
2024-07-08,11931.766569,15206.151464,6533.972160,-8389.197643,-27140.687781,0.833625,0.678661,0.496418,0.239314,0.101911,30560.870000,37510.620000,63796.390000,31549.950000,22133.980000
2024-07-09,14152.041088,11817.279375,-44.229956,-8588.522970,-22052.187039,0.833625,0.678661,0.496418,0.239314,0.101911,30560.870000,37510.620000,63796.390000,31549.950000,22133.980000
2024-07-10,14358.237496,9055.634736,6339.566163,-9895.810949,-20060.677321,0.833625,0.678661,0.496418,0.239314,0.101911,30560.870000,37510.620000,63796.390000,31549.950000,22133.980000
2024-07-11,5497.339611,6881.214791,-25508.625937,-37810.219203,-27395.115280,0.833625,0.678661,0.496418,0.239314,0.101911,30560.870000,37510.620000,63796.390000,31549.950000,22133.980000
2024-07-12,24553.387391,27731.471235,8271.578559,-44903.753321,-29323.013671,0.833625,0.678661,0.496418,0.239314,0.101911,30560.870000,37510.620000,63796.390000,31549.950000,22133.980000
2024-07-16,26567.256948,34901.094069,17388.257832,-14686.569071,-24068.118095,0.833625,0.678661,0.496418,0.239314,0.101911,30560.870000,37510.620000,63796.390000,31549.950000,22133.980000
2024-07-17,-32141.299976,10834.747512,36153.112276,6411.700164,93452.883930,0.833625,0.678661,0.496418,0.239314,0.101911,30560.870000,37510.620000,63796.390000,31549.950000,22133.980000
2024-07-18,6581.724225,29415.038279,29776.288347,-47.555097,51398.920977,0.833625,0.678661,0.496418,0.239314,0.101911,30560.870000,37510.620000,63796.390000,31549.950000,22133.980000
2024-07-19,24435.805184,58971.736928,43877.586217,10460.623559,30275.527764,0.833625,0.678661,0.496418,0.239314,0.101911,30560.870000,37510.620000,63796.390000,31549.950000,22133.980000
2024-07-22,859.910077,6276.914966,9433.981258,-3953.416256,5904.879453,0.833625,0.678661,0.496418,0.239314,0.101911,30560.870000,37510.620000,63796.390000,31549.950000,22133.980000
2024-07-23,-2433.118367,3140.827611,1070.785541,-7088.864063,2598.237949,0.833625,0.678661,0.496418,0.239314,0.101911,30560.870000,37510.620000,63796.390000,31549.950000,22133.980000
2024-07-24,3787.193947,3192.405977,-1035.525751,-2207.698919,-2622.135674,0.833625,0.678661,0.496418,0.239314,0.101911,30560.870000,37510.620000,63796.390000,31549.950000,22133.980000
2024-07-25,-1863.043137,5916.430741,5922.984565,-1489.662356,-1036.681000,0.833625,0.678661,0.496418,0.239314,0.101911,30560.870000,37510.620000,63796.390000,31549.950000,22133.980000
2024-07-26,29815.540951,16005.767636,3265.210028,-3814.336103,-49839.044847,0.833625,0.678661,0.496418,0.239314,0.101911,30560.870000,37510.620000,63796.390000,31549.950000,22133.980000
2024-07-29,4544.997639,3305.680478,147.331194,-2776.577386,-11240.855742,0.833625,0.678661,0.496418,0.239314,0.101911,30560.870000,37510.620000,63796.390000,31549.950000,22133.980000
2024-07-30,3720.786781,1482.355777,-17312.023113,-2590.300674,7575.687149,0.833625,0.678661,0.496418,0.239314,0.101911,30560.870000,37510.620000,63796.390000,31549.950000,22133.980000
2024-07-31,-77070.139091,16259.015493,-103248.984797,171376.630090,-5793.637088,0.833625,0.678661,0.496418,0.239314,0.101911,30560.870000,37510.620000,63796.390000,31549.950000,22133.980000
2024-08-01,1459.510094,1064.123550,-17989.460909,-18604.142823,-35163.482653,0.834747,0.667866,0.475620,0.211792,0.077885,30770.110000,38375.630000,65583.390000,33145.070000,23782.610000
2024-08-02,6169.986900,2430.727503,4366.735323,-4287.128862,-6596.732326,0.834747,0.667866,0.475620,0.211792,0.077885,30770.110000,38375.630000,65583.390000,33145.070000,23782.610000
2024-08-05,-1417.503666,-2966.984286,-5038.790662,-7916.193287,-3894.923593,0.834747,0.667866,0.475620,0.211792,0.077885,30770.110000,38375.630000,65583.390000,33145.070000,23782.610000
2024-08-06,3336.241963,-6228.241551,-15874.320675,-5972.803860,-9740.002266,0.834747,0.667866,0.475620,0.211792,0.077885,30770.110000,38375.630000,65583.390000,33145.070000,23782.610000
2024-08-07,-2790.408039,-2241.566863,-19.410179,2389.707226,9691.672270,0.834747,0.667866,0.475620,0.211792,0.077885,30770.110000,38375.630000,65583.390000,33145.070000,23782.610000
2024-08-08,-56527.472437,-36308.608792,-20207.011940,-1492.642999,99957.518512,0.834747,0.667866,0.475620,0.211792,0.077885,30770.110000,38375.630000,65583.390000,33145.070000,23782.610000
2024-08-09,-147737.365973,-98964.093015,-65103.087876,23953.642822,289217.272955,0.834747,0.667866,0.475620,0.211792,0.077885,30770.110000,38375.630000,65583.390000,33145.070000,23782.610000
2024-08-12,-36336.669093,-24838.347854,-48996.730699,-21406.423462,64610.955635,0.834747,0.667866,0.475620,0.211792,0.077885,30770.110000,38375.630000,65583.390000,33145.070000,23782.610000
2024-08-13,-15718.264595,-8473.852975,-6979.585571,-10498.120351,38014.646392,0.834747,0.667866,0.475620,0.211792,0.077885,30770.110000,38375.630000,65583.390000,33145.070000,23782.610000
2024-08-15,21686.074784,30173.826567,6550.329205,-30267.951701,-548.574919,0.834747,0.667866,0.475620,0.211792,0.077885,30770.110000,38375.630000,65583.390000,33145.070000,23782.610000
2024-08-16,54340.730470,62762.146757,47958.098146,-301.021388,-43540.951381,0.834747,0.667866,0.475620,0.211792,0.077885,30770.110000,38375.630000,65583.390000,33145.070000,23782.610000
2024-08-19,46554.590412,76702.735852,74829.011942,20658.466163,13921.099762,0.834747,0.667866,0.475620,0.211792,0.077885,30770.110000,38375.630000,65583.390000,33145.070000,23782.610000
2024-08-20,25452.011854,36925.909652,16461.151875,5737.078193,-4255.968995,0.834747,0.667866,0.475620,0.211792,0.077885,30770.110000,38375.630000,65583.390000,33145.070000,23782.610000
2024-08-21,6037.477122,1943.793885,-4882.158458,-5135.508511,-11591.542546,0.834747,0.667866,0.475620,0.211792,0.077885,30770.110000,38375.630000,65583.390000,33145.070000,23782.610000
2024-08-22,31253.383450,19224.232214,-3686.026151,-4092.089096,-61754.490409,0.834747,0.667866,0.475620,0.211792,0.077885,30770.110000,38375.630000,65583.390000,33145.070000,23782.610000
2024-08-23,26947.048816,12842.174075,-2109.344590,-2036.570823,-41508.946553,0.834747,0.667866,0.475620,0.211792,0.077885,30770.110000,38375.630000,65583.390000,33145.070000,23782.610000
2024-08-26,14266.076100,4105.423094,1743.521683,-2861.126125,-27230.857445,0.834747,0.667866,0.475620,0.211792,0.077885,30770.110000,38375.630000,65583.390000,33145.070000,23782.610000
2024-08-27,-26822.298489,-11324.364112,-6223.866505,-52.500436,42460.703621,0.834747,0.667866,0.475620,0.211792,0.077885,30770.110000,38375.630000,65583.390000,33145.070000,23782.610000
2024-08-28,-12537.781984,-10459.525948,-5085.436284,-1178.462411,19801.853996,0.834747,0.667866,0.475620,0.211792,0.077885,30770.110000,38375.630000,65583.390000,33145.070000,23782.610000
2024-08-29,-12200.713114,-13382.904203,-16242.933236,-1060.561695,26575.295179,0.834747,0.667866,0.475620,0.211792,0.077885,30770.110000,38375.630000,65583.390000,33145.070000,23782.610000
2024-08-30,-83204.379476,3972.977426,-119464.824838,191350.566975,15498.806740,0.834747,0.667866,0.475620,0.211792,0.077885,30770.110000,38375.630000,65583.390000,33145.070000,23782.610000
2024-09-02,-3473.157255,-11786.155578,-23941.046537,-15012.660150,-6137.883473,0.833855,0.662687,0.467837,0.208700,0.073473,31840.450000,40100.140000,68895.400000,35670.510000,25823.270000
2024-09-03,369.756322,-4397.399001,-10447.853322,-2934.556493,5724.551236,0.833855,0.662687,0.467837,0.208700,0.073473,31840.450000,40100.140000,68895.400000,35670.510000,25823.270000
2024-09-04,-287.541915,-5491.224696,-18198.655379,-13758.273478,-10425.120553,0.833855,0.662687,0.467837,0.208700,0.073473,31840.450000,40100.140000,68895.400000,35670.510000,25823.270000
2024-09-05,-2126.773073,-1515.175951,-1198.237224,3242.365485,1309.685846,0.833855,0.662687,0.467837,0.208700,0.073473,31840.450000,40100.140000,68895.400000,35670.510000,25823.270000
2024-09-06,7050.055836,-257.308875,284.211473,-2882.773741,-5730.866738,0.833855,0.662687,0.467837,0.208700,0.073473,31840.450000,40100.140000,68895.400000,35670.510000,25823.270000
2024-09-09,1923.095757,-4118.403885,-9279.370292,-8277.110755,2119.849246,0.833855,0.662687,0.467837,0.208700,0.073473,31840.450000,40100.140000,68895.400000,35670.510000,25823.270000
2024-09-10,650.208098,-3670.662499,-35958.286040,-53072.442894,-9411.799977,0.833855,0.662687,0.467837,0.208700,0.073473,31840.450000,40100.140000,68895.400000,35670.510000,25823.270000
2024-09-11,5809.687387,10419.773689,-28850.852992,-30294.009057,4591.341930,0.833855,0.662687,0.467837,0.208700,0.073473,31840.450000,40100.140000,68895.400000,35670.510000,25823.270000
2024-09-12,-1407.523758,459.288722,656.731494,562.161973,25719.078694,0.833855,0.662687,0.467837,0.208700,0.073473,31840.450000,40100.140000,68895.400000,35670.510000,25823.270000
2024-09-13,21465.127399,26248.024296,31122.955948,13451.981421,29816.058613,0.833855,0.662687,0.467837,0.208700,0.073473,31840.450000,40100.140000,68895.400000,35670.510000,25823.270000
2024-09-16,21387.491365,38015.322642,38256.986920,2773.511295,13761.825673,0.833855,0.662687,0.467837,0.208700,0.073473,31840.450000,40100.140000,68895.400000,35670.510000,25823.270000
2024-09-20,13682.115789,21071.511846,29204.044372,7250.214935,22479.474872,0.833855,0.662687,0.467837,0.208700,0.073473,31840.450000,40100.140000,68895.400000,35670.510000,25823.270000
2024-09-23,27810.473755,46825.345338,44477.995211,7725.870884,30443.482014,0.833855,0.662687,0.467837,0.208700,0.073473,31840.450000,40100.140000,68895.400000,35670.510000,25823.270000
2024-09-24,2766.052685,8399.474964,-3247.874432,-856.590816,19954.464919,0.833855,0.662687,0.467837,0.208700,0.073473,31840.450000,40100.140000,68895.400000,35670.510000,25823.270000
2024-09-25,-904.134213,-3488.972205,-3359.303962,-1676.788313,8030.398357,0.833855,0.662687,0.467837,0.208700,0.073473,31840.450000,40100.140000,68895.400000,35670.510000,25823.270000
2024-09-26,-5100.408762,-5499.882204,-7272.154632,1334.518324,1888.029205,0.833855,0.662687,0.467837,0.208700,0.073473,31840.450000,40100.140000,68895.400000,35670.510000,25823.270000
2024-09-27,-1377.850462,-10177.143727,-704.474033,1373.821155,10815.019140,0.833855,0.662687,0.467837,0.208700,0.073473,31840.450000,40100.140000,68895.400000,35670.510000,25823.270000
2024-09-30,-61701.524889,27175.608135,-114069.711995,194122.555349,-44856.320738,0.833855,0.662687,0.467837,0.208700,0.073473,31840.450000,40100.140000,68895.400000,35670.510000,25823.270000
2024-10-01,21977.036205,12573.863167,-8282.142370,-26751.100872,-55914.908058,0.836388,0.673045,0.483142,0.214972,0.077995,31253.300000,38923.670000,64859.300000,32817.800000,23327.030000
2024-10-02,11207.990575,2750.983262,-12765.775885,-8133.299339,-9048.030066,0.836388,0.673045,0.483142,0.214972,0.077995,31253.300000,38923.670000,64859.300000,32817.800000,23327.030000
2024-10-03,-916.103654,-12205.653246,-26292.722657,-15466.806134,-4070.992134,0.836388,0.673045,0.483142,0.214972,0.077995,31253.300000,38923.670000,64859.300000,32817.800000,23327.030000
2024-10-04,13434.528625,2579.898347,4265.004417,4151.502478,-14481.001178,0.836388,0.673045,0.483142,0.214972,0.077995,31253.300000,38923.670000,64859.300000,32817.800000,23327.030000
2024-10-07,-18148.496865,-19209.649375,-9149.687756,5850.885350,46871.428575,0.836388,0.673045,0.483142,0.214972,0.077995,31253.300000,38923.670000,64859.300000,32817.800000,23327.030000
2024-10-08,-52303.695637,-36378.942517,-15649.963861,554.365585,100323.078975,0.836388,0.673045,0.483142,0.214972,0.077995,31253.300000,38923.670000,64859.300000,32817.800000,23327.030000
2024-10-09,-34421.057331,-24931.738423,-8120.507185,1789.922480,62631.885950,0.836388,0.673045,0.483142,0.214972,0.077995,31253.300000,38923.670000,64859.300000,32817.800000,23327.030000
2024-10-10,1610.336604,3002.003118,9618.670005,3691.637140,-6823.040691,0.836388,0.673045,0.483142,0.214972,0.077995,31253.300000,38923.670000,64859.300000,32817.800000,23327.030000
2024-10-11,11805.039584,6964.852714,-28821.320628,-59951.379285,-22353.913886,0.836388,0.673045,0.483142,0.214972,0.077995,31253.300000,38923.670000,64859.300000,32817.800000,23327.030000
2024-10-14,37756.500324,42863.511710,62262.420999,-5153.411865,-88961.943670,0.836388,0.673045,0.483142,0.214972,0.077995,31253.300000,38923.670000,64859.300000,32817.800000,23327.030000
2024-10-15,48160.446992,65737.807628,33862.326326,-19614.927407,-65953.802310,0.836388,0.673045,0.483142,0.214972,0.077995,31253.300000,38923.670000,64859.300000,32817.800000,23327.030000
2024-10-16,52447.654352,79745.367733,59774.806178,-25.391453,-27649.303667,0.836388,0.673045,0.483142,0.214972,0.077995,31253.300000,38923.670000,64859.300000,32817.800000,23327.030000
2024-10-17,42025.560485,71823.351535,69022.555418,16023.463833,-8075.050221,0.836388,0.673045,0.483142,0.214972,0.077995,31253.300000,38923.670000,64859.300000,32817.800000,23327.030000
2024-10-18,33766.594730,33340.441471,21326.323390,1340.508797,-45643.654925,0.836388,0.673045,0.483142,0.214972,0.077995,31253.300000,38923.670000,64859.300000,32817.800000,23327.030000
2024-10-21,9497.640140,2091.785630,515.973287,-525.979098,-19643.820951,0.836388,0.673045,0.483142,0.214972,0.077995,31253.300000,38923.670000,64859.300000,32817.800000,23327.030000
2024-10-22,-12122.122211,-4166.278473,-9680.901994,-4560.900073,17687.614860,0.836388,0.673045,0.483142,0.214972,0.077995,31253.300000,38923.670000,64859.300000,32817.800000,23327.030000
2024-10-23,-758.170651,-1513.064890,-2456.961423,-4602.692896,-5270.138436,0.836388,0.673045,0.483142,0.214972,0.077995,31253.300000,38923.670000,64859.300000,32817.800000,23327.030000
2024-10-24,11685.579215,8937.172367,-22813.460375,-2560.995996,-11000.996308,0.836388,0.673045,0.483142,0.214972,0.077995,31253.300000,38923.670000,64859.300000,32817.800000,23327.030000
2024-10-25,8896.057309,4712.815538,-9120.834728,-2463.954283,-9858.645695,0.836388,0.673045,0.483142,0.214972,0.077995,31253.300000,38923.670000,64859.300000,32817.800000,23327.030000
2024-10-28,3542.913058,-1313.302197,-3364.898085,983.059568,-7534.743513,0.836388,0.673045,0.483142,0.214972,0.077995,31253.300000,38923.670000,64859.300000,32817.800000,23327.030000
2024-10-29,4845.075201,-1195.277300,-933.934002,-887.310306,-5847.544044,0.836388,0.673045,0.483142,0.214972,0.077995,31253.300000,38923.670000,64859.300000,32817.800000,23327.030000
2024-11-01,-95688.078759,8703.109236,-103006.050328,191202.015496,6038.180700,0.834978,0.670412,0.483084,0.219477,0.081524,31551.520000,39055.840000,64152.280000,32655.980000,22742.760000
2024-11-04,-5796.313477,-4815.619035,-3307.768385,-16500.340316,-19486.626826,0.834978,0.670412,0.483084,0.219477,0.081524,31551.520000,39055.840000,64152.280000,32655.980000,22742.760000
2024-11-05,-299.698692,-5346.519704,-7655.089101,-10860.941176,-8237.273358,0.834978,0.670412,0.483084,0.219477,0.081524,31551.520000,39055.840000,64152.280000,32655.980000,22742.760000
2024-11-06,46965.531340,25488.840103,-7682.604591,-17194.859805,-90871.069335,0.834978,0.670412,0.483084,0.219477,0.081524,31551.520000,39055.840000,64152.280000,32655.980000,22742.760000
2024-11-07,36587.182951,23126.807459,10201.951628,2931.770587,-66707.597935,0.834978,0.670412,0.483084,0.219477,0.081524,31551.520000,39055.840000,64152.280000,32655.980000,22742.760000
2024-11-08,21596.260279,15031.102353,143.788836,-1566.197224,-37661.815331,0.834978,0.670412,0.483084,0.219477,0.081524,31551.520000,39055.840000,64152.280000,32655.980000,22742.760000
2024-11-11,18898.748889,14746.310685,-19977.558347,-20830.135036,-41572.792618,0.834978,0.670412,0.483084,0.219477,0.081524,31551.520000,39055.840000,64152.280000,32655.980000,22742.760000
2024-11-12,69910.333192,43809.635818,-36646.726228,-36941.960024,-82756.690712,0.834978,0.670412,0.483084,0.219477,0.081524,31551.520000,39055.840000,64152.280000,32655.980000,22742.760000
2024-11-13,34588.300699,31464.389654,1293.080548,-11386.520674,-31732.151885,0.834978,0.670412,0.483084,0.219477,0.081524,31551.520000,39055.840000,64152.280000,32655.980000,22742.760000
2024-11-14,42591.943496,51568.486049,13627.109474,-4557.360174,-21811.895320,0.834978,0.670412,0.483084,0.219477,0.081524,31551.520000,39055.840000,64152.280000,32655.980000,22742.760000
2024-11-15,78572.824287,86167.436365,29015.009862,-40926.741311,-69791.718495,0.834978,0.670412,0.483084,0.219477,0.081524,31551.520000,39055.840000,64152.280000,32655.980000,22742.760000
2024-11-18,64959.048177,76300.474008,57939.775330,7335.543848,-13321.249207,0.834978,0.670412,0.483084,0.219477,0.081524,31551.520000,39055.840000,64152.280000,32655.980000,22742.760000
2024-11-19,35956.365521,40427.131096,19921.690562,736.902193,-13256.812183,0.834978,0.670412,0.483084,0.219477,0.081524,31551.520000,39055.840000,64152.280000,32655.980000,22742.760000
2024-11-20,17160.597759,5601.873617,-6362.895360,-6693.917147,-20190.700907,0.834978,0.670412,0.483084,0.219477,0.081524,31551.520000,39055.840000,64152.280000,32655.980000,22742.760000
2024-11-21,1604.662580,-10808.907291,-8246.968839,-4418.939291,4259.624140,0.834978,0.670412,0.483084,0.219477,0.081524,31551.520000,39055.840000,64152.280000,32655.980000,22742.760000
2024-11-22,11433.753304,-4759.126723,-1384.284705,-6930.590737,-7378.923932,0.834978,0.670412,0.483084,0.219477,0.081524,31551.520000,39055.840000,64152.280000,32655.980000,22742.760000
2024-11-25,-8006.593460,-11063.718436,10797.839947,-4233.350095,1999.428903,0.834978,0.670412,0.483084,0.219477,0.081524,31551.520000,39055.840000,64152.280000,32655.980000,22742.760000
2024-11-26,-7205.286096,-6477.481227,5445.567108,-3465.781833,3290.249728,0.834978,0.670412,0.483084,0.219477,0.081524,31551.520000,39055.840000,64152.280000,32655.980000,22742.760000
2024-11-27,-18365.050278,-8535.908322,-1387.307479,-157.189134,23624.374830,0.834978,0.670412,0.483084,0.219477,0.081524,31551.520000,39055.840000,64152.280000,32655.980000,22742.760000
2024-11-28,-5610.668962,-3146.887429,-5570.997831,-405.074524,1423.627980,0.834978,0.670412,0.483084,0.219477,0.081524,31551.520000,39055.840000,64152.280000,32655.980000,22742.760000
2024-11-29,-83252.079118,12604.353255,-122055.546985,192232.299130,1995.315953,0.834978,0.670412,0.483084,0.219477,0.081524,31551.520000,39055.840000,64152.280000,32655.980000,22742.760000
2024-12-02,24374.507007,8427.064941,-20496.037289,-17847.472296,-33222.273054,0.831566,0.666365,0.482489,0.227054,0.080388,30927.120000,38346.200000,61978.120000,31012.710000,21388.550000
2024-12-03,9304.787533,984.905691,-13300.099347,-13629.249443,-12177.097326,0.831566,0.666365,0.482489,0.227054,0.080388,30927.120000,38346.200000,61978.120000,31012.710000,21388.550000
2024-12-04,7875.824188,-2801.228260,-29002.739664,-16562.724874,-11780.018743,0.831566,0.666365,0.482489,0.227054,0.080388,30927.120000,38346.200000,61978.120000,31012.710000,21388.550000
2024-12-05,637.785243,2101.274716,1962.120760,3970.246040,-2764.812214,0.831566,0.666365,0.482489,0.227054,0.080388,30927.120000,38346.200000,61978.120000,31012.710000,21388.550000
2024-12-06,15308.389646,9498.117634,-18189.546281,-883.372020,-3841.284827,0.831566,0.666365,0.482489,0.227054,0.080388,30927.120000,38346.200000,61978.120000,31012.710000,21388.550000
2024-12-09,7896.397697,1262.865195,-25795.345447,-16762.181940,-7977.528226,0.831566,0.666365,0.482489,0.227054,0.080388,30927.120000,38346.200000,61978.120000,31012.710000,21388.550000
2024-12-10,15400.980027,3228.261337,-25646.372852,-31213.241385,-14624.438547,0.831566,0.666365,0.482489,0.227054,0.080388,30927.120000,38346.200000,61978.120000,31012.710000,21388.550000
2024-12-11,13136.114320,11745.635054,-2122.165089,-10184.687463,-10224.451056,0.831566,0.666365,0.482489,0.227054,0.080388,30927.120000,38346.200000,61978.120000,31012.710000,21388.550000
2024-12-12,8099.183777,9756.663891,-2635.721155,-10786.442915,2251.947375,0.831566,0.666365,0.482489,0.227054,0.080388,30927.120000,38346.200000,61978.120000,31012.710000,21388.550000
2024-12-13,27230.380635,36788.563538,8891.632148,-35530.580438,-1184.005719,0.831566,0.666365,0.482489,0.227054,0.080388,30927.120000,38346.200000,61978.120000,31012.710000,21388.550000
2024-12-16,45559.378659,50408.324240,29966.319008,-5745.684606,-12834.003494,0.831566,0.666365,0.482489,0.227054,0.080388,30927.120000,38346.200000,61978.120000,31012.710000,21388.550000
2024-12-17,29558.384692,36172.579703,23443.971669,7197.463082,3643.611825,0.831566,0.666365,0.482489,0.227054,0.080388,30927.120000,38346.200000,61978.120000,31012.710000,21388.550000
2024-12-18,39994.744652,56399.075688,40621.509498,8747.430144,8902.148486,0.831566,0.666365,0.482489,0.227054,0.080388,30927.120000,38346.200000,61978.120000,31012.710000,21388.550000
2024-12-19,23973.112243,32260.857097,25150.917444,4656.674125,-13084.710997,0.831566,0.666365,0.482489,0.227054,0.080388,30927.120000,38346.200000,61978.120000,31012.710000,21388.550000
2024-12-20,9502.050594,10261.242179,-1.979500,746.238929,-16784.928289,0.831566,0.666365,0.482489,0.227054,0.080388,30927.120000,38346.200000,61978.120000,31012.710000,21388.550000
2024-12-23,803.624292,5312.173138,4416.138583,-6110.510111,-14501.541134,0.831566,0.666365,0.482489,0.227054,0.080388,30927.120000,38346.200000,61978.120000,31012.710000,21388.550000
2024-12-25,7419.589448,5138.950947,231.160977,-5204.313021,-11630.389015,0.831566,0.666365,0.482489,0.227054,0.080388,30927.120000,38346.200000,61978.120000,31012.710000,21388.550000
2024-12-26,2669.658472,-3074.671629,-3281.350235,-4878.382740,-13620.320172,0.831566,0.666365,0.482489,0.227054,0.080388,30927.120000,38346.200000,61978.120000,31012.710000,21388.550000
2024-12-27,4760.093967,6891.459169,1024.411365,2163.285538,-6793.142724,0.831566,0.666365,0.482489,0.227054,0.080388,30927.120000,38346.200000,61978.120000,31012.710000,21388.550000
2024-12-30,-65274.785473,22050.435586,-77500.088261,125630.226142,-10905.053481,0.831566,0.666365,0.482489,0.227054,0.080388,30927.120000,38346.200000,61978.120000,31012.710000,21388.550000
2025-01-01,-21277.553554,6762.002610,-24813.422293,52512.387723,-5967.189231,0.832780,0.668930,0.488334,0.237081,0.088098,32099.750000,39735.110000,63095.210000,31478.020000,21307.410000
2025-01-02,18704.619884,6452.099449,-12510.149296,-9130.542151,-29684.668637,0.832780,0.668930,0.488334,0.237081,0.088098,32099.750000,39735.110000,63095.210000,31478.020000,21307.410000
2025-01-03,9337.864120,3822.821325,-4354.190602,-3048.936991,-7262.817222,0.832780,0.668930,0.488334,0.237081,0.088098,32099.750000,39735.110000,63095.210000,31478.020000,21307.410000
2025-01-06,5475.829738,5584.803563,-4224.780428,-5558.311756,-8672.696797,0.832780,0.668930,0.488334,0.237081,0.088098,32099.750000,39735.110000,63095.210000,31478.020000,21307.410000
2025-01-07,4676.975014,-1505.723988,-28923.538135,-11256.778163,-11718.375581,0.832780,0.668930,0.488334,0.237081,0.088098,32099.750000,39735.110000,63095.210000,31478.020000,21307.410000
2025-01-08,5348.277694,3847.046125,-4077.405121,-8930.053341,-13628.564823,0.832780,0.668930,0.488334,0.237081,0.088098,32099.750000,39735.110000,63095.210000,31478.020000,21307.410000
2025-01-09,4896.867060,5404.874359,-4888.501756,-9474.418788,-11919.578479,0.832780,0.668930,0.488334,0.237081,0.088098,32099.750000,39735.110000,63095.210000,31478.020000,21307.410000
2025-01-10,11541.896298,15169.909804,-5998.302803,-40466.380906,-23489.566839,0.832780,0.668930,0.488334,0.237081,0.088098,32099.750000,39735.110000,63095.210000,31478.020000,21307.410000
2025-01-13,14401.009559,14538.299662,-21941.241163,-32631.272696,-21596.683675,0.832780,0.668930,0.488334,0.237081,0.088098,32099.750000,39735.110000,63095.210000,31478.020000,21307.410000
2025-01-14,21352.066666,29138.896319,9196.985406,-15673.959901,-11321.671890,0.832780,0.668930,0.488334,0.237081,0.088098,32099.750000,39735.110000,63095.210000,31478.020000,21307.410000
2025-01-15,51558.308802,56324.953322,23856.664479,-7129.982582,-26202.500129,0.832780,0.668930,0.488334,0.237081,0.088098,32099.750000,39735.110000,63095.210000,31478.020000,21307.410000
2025-01-16,63282.865367,95045.807478,70918.807966,9907.617472,13090.875122,0.832780,0.668930,0.488334,0.237081,0.088098,32099.750000,39735.110000,63095.210000,31478.020000,21307.410000
2025-01-17,44259.425831,71221.089686,54271.425745,9052.051450,-3258.446129,0.832780,0.668930,0.488334,0.237081,0.088098,32099.750000,39735.110000,63095.210000,31478.020000,21307.410000
2025-01-20,6496.800169,8393.497753,-459.175063,-5969.496668,-14142.752903,0.832780,0.668930,0.488334,0.237081,0.088098,32099.750000,39735.110000,63095.210000,31478.020000,21307.410000
2025-01-21,7776.738817,5358.144921,-3064.548518,-5974.114286,-12395.028952,0.832780,0.668930,0.488334,0.237081,0.088098,32099.750000,39735.110000,63095.210000,31478.020000,21307.410000
2025-01-22,16861.691259,4639.264723,-5498.885586,-7689.605543,-26950.497266,0.832780,0.668930,0.488334,0.237081,0.088098,32099.750000,39735.110000,63095.210000,31478.020000,21307.410000
2025-01-23,7733.884377,6736.320998,436.292036,-5797.874202,-23211.354207,0.832780,0.668930,0.488334,0.237081,0.088098,32099.750000,39735.110000,63095.210000,31478.020000,21307.410000
2025-01-24,14251.464874,6457.468383,14793.240865,-11302.844182,-43383.718468,0.832780,0.668930,0.488334,0.237081,0.088098,32099.750000,39735.110000,63095.210000,31478.020000,21307.410000
2025-01-27,-7536.241195,-2610.594847,9708.409771,-10771.116464,993.243078,0.832780,0.668930,0.488334,0.237081,0.088098,32099.750000,39735.110000,63095.210000,31478.020000,21307.410000
2025-01-28,-23893.047590,-11645.443646,-3011.288035,-8130.482920,36515.367214,0.832780,0.668930,0.488334,0.237081,0.088098,32099.750000,39735.110000,63095.210000,31478.020000,21307.410000
2025-01-29,-4275.234891,-5156.289776,-2209.927413,-5751.145067,1887.542199,0.832780,0.668930,0.488334,0.237081,0.088098,32099.750000,39735.110000,63095.210000,31478.020000,21307.410000
2025-01-30,-6035.974705,-3253.292076,-917.754858,-3401.123246,546.284516,0.832780,0.668930,0.488334,0.237081,0.088098,32099.750000,39735.110000,63095.210000,31478.020000,21307.410000
2025-01-31,-97022.307874,21467.239922,-107312.337589,169644.192905,3209.560789,0.832780,0.668930,0.488334,0.237081,0.088098,32099.750000,39735.110000,63095.210000,31478.020000,21307.410000
2025-02-03,12438.218064,2435.724221,-14776.882965,-12790.372835,-26152.064897,0.826491,0.659625,0.480881,0.235707,0.089033,32461.010000,40772.420000,64902.790000,32669.880000,22194.370000
2025-02-04,-3714.173105,-4603.186967,-8328.784551,-7713.587783,-5953.293507,0.826491,0.659625,0.480881,0.235707,0.089033,32461.010000,40772.420000,64902.790000,32669.880000,22194.370000
2025-02-05,868.001779,-7835.048758,-18368.279032,-14742.362408,-10851.955578,0.826491,0.659625,0.480881,0.235707,0.089033,32461.010000,40772.420000,64902.790000,32669.880000,22194.370000
2025-02-06,-339.270351,3216.427029,8772.310277,6423.161303,-15651.174582,0.826491,0.659625,0.480881,0.235707,0.089033,32461.010000,40772.420000,64902.790000,32669.880000,22194.370000
2025-02-07,-37262.710798,-22405.205305,-5656.362862,-3172.770301,64090.959572,0.826491,0.659625,0.480881,0.235707,0.089033,32461.010000,40772.420000,64902.790000,32669.880000,22194.370000
2025-02-10,59.804795,-3560.296366,2250.279717,-11326.956349,5179.949605,0.826491,0.659625,0.480881,0.235707,0.089033,32461.010000,40772.420000,64902.790000,32669.880000,22194.370000
2025-02-11,-29785.371866,-15015.473435,-31770.413450,-24134.114033,43795.383423,0.826491,0.659625,0.480881,0.235707,0.089033,32461.010000,40772.420000,64902.790000,32669.880000,22194.370000
2025-02-12,-9478.771461,4411.753764,-16478.326975,-32396.482721,27839.859796,0.826491,0.659625,0.480881,0.235707,0.089033,32461.010000,40772.420000,64902.790000,32669.880000,22194.370000
2025-02-13,9864.765178,24973.737452,8563.357129,-3959.676225,14465.724516,0.826491,0.659625,0.480881,0.235707,0.089033,32461.010000,40772.420000,64902.790000,32669.880000,22194.370000
2025-02-14,20688.033812,41571.759752,24392.510916,-28617.609158,21759.767791,0.826491,0.659625,0.480881,0.235707,0.089033,32461.010000,40772.420000,64902.790000,32669.880000,22194.370000
2025-02-17,49491.485232,49812.236147,22659.718604,-2994.099607,-32551.058056,0.826491,0.659625,0.480881,0.235707,0.089033,32461.010000,40772.420000,64902.790000,32669.880000,22194.370000
2025-02-18,59909.659467,65988.861863,45679.089635,9922.393841,-22902.342043,0.826491,0.659625,0.480881,0.235707,0.089033,32461.010000,40772.420000,64902.790000,32669.880000,22194.370000
2025-02-19,32415.919699,37897.406250,21932.204436,-1045.854912,-26145.810748,0.826491,0.659625,0.480881,0.235707,0.089033,32461.010000,40772.420000,64902.790000,32669.880000,22194.370000
2025-02-20,-1768.028053,-69.521649,-8138.803843,-1722.760566,-8310.510284,0.826491,0.659625,0.480881,0.235707,0.089033,32461.010000,40772.420000,64902.790000,32669.880000,22194.370000
2025-02-21,10055.220950,-1170.628894,-5669.672071,-1983.168482,-11011.564917,0.826491,0.659625,0.480881,0.235707,0.089033,32461.010000,40772.420000,64902.790000,32669.880000,22194.370000
2025-02-24,2874.272374,756.087832,2944.293528,-2218.178809,-14005.010223,0.826491,0.659625,0.480881,0.235707,0.089033,32461.010000,40772.420000,64902.790000,32669.880000,22194.370000
2025-02-25,2235.314511,-431.472423,-1380.367206,-3521.465501,-7988.779940,0.826491,0.659625,0.480881,0.235707,0.089033,32461.010000,40772.420000,64902.790000,32669.880000,22194.370000
2025-02-26,2926.486658,3932.648981,1250.773375,-3352.234602,-6291.002527,0.826491,0.659625,0.480881,0.235707,0.089033,32461.010000,40772.420000,64902.790000,32669.880000,22194.370000
2025-02-27,-3237.468581,-2774.820470,-6053.190379,-5657.882439,-11842.128329,0.826491,0.659625,0.480881,0.235707,0.089033,32461.010000,40772.420000,64902.790000,32669.880000,22194.370000
2025-02-28,-85654.949005,17930.005005,-101285.627089,154362.704889,-10881.934433,0.826491,0.659625,0.480881,0.235707,0.089033,32461.010000,40772.420000,64902.790000,32669.880000,22194.370000
2025-03-03,-4292.298170,-7571.947597,-13984.196643,-16019.552755,-19450.664871,0.830293,0.655722,0.479232,0.236816,0.087248,32125.170000,40962.880000,65781.770000,33435.620000,23202.250000
2025-03-04,-8093.830908,-9560.427152,2862.596624,-3169.790305,1772.030349,0.830293,0.655722,0.479232,0.236816,0.087248,32125.170000,40962.880000,65781.770000,33435.620000,23202.250000
2025-03-05,-5714.136974,-7529.317894,-11555.928387,-5080.577075,3204.915629,0.830293,0.655722,0.479232,0.236816,0.087248,32125.170000,40962.880000,65781.770000,33435.620000,23202.250000
2025-03-06,-10545.657235,-9058.296839,3907.736573,2633.139641,7016.754452,0.830293,0.655722,0.479232,0.236816,0.087248,32125.170000,40962.880000,65781.770000,33435.620000,23202.250000
2025-03-07,-5772.299966,-5296.779074,-3664.211988,-2246.653761,4397.109664,0.830293,0.655722,0.479232,0.236816,0.087248,32125.170000,40962.880000,65781.770000,33435.620000,23202.250000
2025-03-10,-21571.890996,-19230.812613,-5394.738993,-2412.988751,35309.248259,0.830293,0.655722,0.479232,0.236816,0.087248,32125.170000,40962.880000,65781.770000,33435.620000,23202.250000
2025-03-11,-15725.037719,-3950.492431,-42106.531810,-17204.622434,27565.975777,0.830293,0.655722,0.479232,0.236816,0.087248,32125.170000,40962.880000,65781.770000,33435.620000,23202.250000
2025-03-12,-13156.944367,-11992.410188,-16832.114413,-11321.969134,31280.958513,0.830293,0.655722,0.479232,0.236816,0.087248,32125.170000,40962.880000,65781.770000,33435.620000,23202.250000
2025-03-13,-21168.129754,-690.182410,8940.524508,892.545141,71838.511288,0.830293,0.655722,0.479232,0.236816,0.087248,32125.170000,40962.880000,65781.770000,33435.620000,23202.250000
2025-03-14,-22612.795224,19170.033496,10972.808424,-38056.053441,76238.016831,0.830293,0.655722,0.479232,0.236816,0.087248,32125.170000,40962.880000,65781.770000,33435.620000,23202.250000
2025-03-17,-10209.285300,15344.634437,11366.481519,5736.810583,69439.736148,0.830293,0.655722,0.479232,0.236816,0.087248,32125.170000,40962.880000,65781.770000,33435.620000,23202.250000
2025-03-18,5119.910315,40759.446300,38590.395325,19217.898079,67307.558817,0.830293,0.655722,0.479232,0.236816,0.087248,32125.170000,40962.880000,65781.770000,33435.620000,23202.250000
2025-03-19,-8833.536315,5399.207513,7860.305839,11094.807013,59478.688384,0.830293,0.655722,0.479232,0.236816,0.087248,32125.170000,40962.880000,65781.770000,33435.620000,23202.250000
2025-03-20,-19956.423135,-17488.074378,-4129.871367,2519.203216,23833.916056,0.830293,0.655722,0.479232,0.236816,0.087248,32125.170000,40962.880000,65781.770000,33435.620000,23202.250000
2025-03-21,-21794.758367,-16547.057537,-4599.675740,2865.219220,34446.343054,0.830293,0.655722,0.479232,0.236816,0.087248,32125.170000,40962.880000,65781.770000,33435.620000,23202.250000
2025-03-24,-6764.078723,-8840.941580,-2693.021488,-3949.495221,7158.428856,0.830293,0.655722,0.479232,0.236816,0.087248,32125.170000,40962.880000,65781.770000,33435.620000,23202.250000
2025-03-25,-3052.596488,-5068.139338,-1168.470145,-2819.172970,-2225.814160,0.830293,0.655722,0.479232,0.236816,0.087248,32125.170000,40962.880000,65781.770000,33435.620000,23202.250000
2025-03-26,-929.209983,-6780.824794,-8079.215218,-3474.094122,-826.893610,0.830293,0.655722,0.479232,0.236816,0.087248,32125.170000,40962.880000,65781.770000,33435.620000,23202.250000
2025-03-27,-3178.832365,-478.057942,-5747.295012,904.006819,22.022969,0.830293,0.655722,0.479232,0.236816,0.087248,32125.170000,40962.880000,65781.770000,33435.620000,23202.250000
2025-03-28,6928.933967,5980.575614,10857.868369,-1069.904003,-24822.869697,0.830293,0.655722,0.479232,0.236816,0.087248,32125.170000,40962.880000,65781.770000,33435.620000,23202.250000
2025-03-31,-88095.394570,18046.432606,-100852.164301,170418.275948,-2678.174674,0.830293,0.655722,0.479232,0.236816,0.087248,32125.170000,40962.880000,65781.770000,33435.620000,23202.250000
2025-04-01,-5007.462676,-4844.674626,-12571.357003,-14497.181675,-17855.306340,0.830016,0.652885,0.482774,0.241972,0.092471,31852.210000,41115.500000,66503.630000,34308.860000,24641.850000
2025-04-02,40446.366703,17127.041328,1032.343837,-1491.737616,-77906.361116,0.830016,0.652885,0.482774,0.241972,0.092471,31852.210000,41115.500000,66503.630000,34308.860000,24641.850000
2025-04-03,5547.542731,-1513.002460,-28373.188963,-15949.850065,-23339.124398,0.830016,0.652885,0.482774,0.241972,0.092471,31852.210000,41115.500000,66503.630000,34308.860000,24641.850000
2025-04-04,791.150900,-7811.656594,-9771.392611,4705.271041,-684.607526,0.830016,0.652885,0.482774,0.241972,0.092471,31852.210000,41115.500000,66503.630000,34308.860000,24641.850000
2025-04-07,-610.324140,-2340.415423,-3359.602304,736.818261,-10343.080136,0.830016,0.652885,0.482774,0.241972,0.092471,31852.210000,41115.500000,66503.630000,34308.860000,24641.850000
2025-04-08,-25919.527403,-20404.476896,-17830.342963,-6841.894294,41436.203134,0.830016,0.652885,0.482774,0.241972,0.092471,31852.210000,41115.500000,66503.630000,34308.860000,24641.850000
2025-04-09,-94940.242172,-69264.517496,-32009.989009,-185.190505,171290.141078,0.830016,0.652885,0.482774,0.241972,0.092471,31852.210000,41115.500000,66503.630000,34308.860000,24641.850000
2025-04-10,-78988.561904,-56239.191415,-22889.413007,11977.059462,138421.512002,0.830016,0.652885,0.482774,0.241972,0.092471,31852.210000,41115.500000,66503.630000,34308.860000,24641.850000
2025-04-11,-139089.158638,-123855.120404,-83230.505261,230.647344,286081.321924,0.830016,0.652885,0.482774,0.241972,0.092471,31852.210000,41115.500000,66503.630000,34308.860000,24641.850000
2025-04-14,-88388.323485,-67019.440902,-44935.187744,-2545.779131,167329.165790,0.830016,0.652885,0.482774,0.241972,0.092471,31852.210000,41115.500000,66503.630000,34308.860000,24641.850000
2025-04-15,-53778.898852,-21728.048987,8392.731241,11230.898349,101711.917802,0.830016,0.652885,0.482774,0.241972,0.092471,31852.210000,41115.500000,66503.630000,34308.860000,24641.850000
2025-04-16,37824.250901,52761.377430,33848.337529,9810.417813,23481.862649,0.830016,0.652885,0.482774,0.241972,0.092471,31852.210000,41115.500000,66503.630000,34308.860000,24641.850000
2025-04-18,23376.346676,52115.926906,57899.226415,21625.436263,52758.826078,0.830016,0.652885,0.482774,0.241972,0.092471,31852.210000,41115.500000,66503.630000,34308.860000,24641.850000
2025-04-21,2556.518779,6917.869047,9175.015009,3936.917912,6176.534163,0.830016,0.652885,0.482774,0.241972,0.092471,31852.210000,41115.500000,66503.630000,34308.860000,24641.850000
2025-04-22,6854.654716,-3627.016599,-1919.230481,-935.633347,-12425.023017,0.830016,0.652885,0.482774,0.241972,0.092471,31852.210000,41115.500000,66503.630000,34308.860000,24641.850000
2025-04-23,-8917.629173,-11689.890163,-23488.231370,-3451.487009,16399.975973,0.830016,0.652885,0.482774,0.241972,0.092471,31852.210000,41115.500000,66503.630000,34308.860000,24641.850000
2025-04-24,-2802.394371,-5244.815558,-7838.465196,-2085.988283,-2190.567697,0.830016,0.652885,0.482774,0.241972,0.092471,31852.210000,41115.500000,66503.630000,34308.860000,24641.850000
2025-04-25,-26267.939338,-17509.670846,-5054.617943,3092.659656,41104.751563,0.830016,0.652885,0.482774,0.241972,0.092471,31852.210000,41115.500000,66503.630000,34308.860000,24641.850000
2025-04-28,-11987.749085,-12998.960236,-2383.129074,-3667.533636,18088.479316,0.830016,0.652885,0.482774,0.241972,0.092471,31852.210000,41115.500000,66503.630000,34308.860000,24641.850000
2025-04-29,5067.325309,7126.825242,1066.273282,-2004.494903,-16342.487910,0.830016,0.652885,0.482774,0.241972,0.092471,31852.210000,41115.500000,66503.630000,34308.860000,24641.850000
2025-05-01,-80161.226127,20671.699723,-92855.276716,168993.293017,-17838.460694,0.826589,0.660025,0.488692,0.249515,0.094710,33481.020000,42813.150000,68348.710000,34612.470000,24002.710000
2025-05-02,-9779.330796,-12722.794157,-10975.488156,-18411.990109,-10546.131868,0.826589,0.660025,0.488692,0.249515,0.094710,33481.020000,42813.150000,68348.710000,34612.470000,24002.710000
2025-05-05,-3968.800424,-3238.074892,-2501.507044,-4132.551783,-3226.377273,0.826589,0.660025,0.488692,0.249515,0.094710,33481.020000,42813.150000,68348.710000,34612.470000,24002.710000
2025-05-06,36264.279166,11052.580179,1842.081662,-10150.504681,-65350.786912,0.826589,0.660025,0.488692,0.249515,0.094710,33481.020000,42813.150000,68348.710000,34612.470000,24002.710000
2025-05-07,27190.366071,9210.301867,-12858.890676,-8500.023270,-54083.891158,0.826589,0.660025,0.488692,0.249515,0.094710,33481.020000,42813.150000,68348.710000,34612.470000,24002.710000
2025-05-08,11918.374869,6038.262933,-4021.216032,-5921.281928,-31471.572089,0.826589,0.660025,0.488692,0.249515,0.094710,33481.020000,42813.150000,68348.710000,34612.470000,24002.710000
2025-05-09,11320.085666,6878.080453,2216.277921,-35102.835682,-29910.151418,0.826589,0.660025,0.488692,0.249515,0.094710,33481.020000,42813.150000,68348.710000,34612.470000,24002.710000
2025-05-12,11867.406368,3585.254707,-13732.947344,-13652.127130,-24494.777411,0.826589,0.660025,0.488692,0.249515,0.094710,33481.020000,42813.150000,68348.710000,34612.470000,24002.710000
2025-05-13,12594.280048,14014.728693,-9688.346362,-26201.005364,-16780.681367,0.826589,0.660025,0.488692,0.249515,0.094710,33481.020000,42813.150000,68348.710000,34612.470000,24002.710000
2025-05-14,26654.474722,26707.603080,-3596.336220,-18232.849672,-23324.693578,0.826589,0.660025,0.488692,0.249515,0.094710,33481.020000,42813.150000,68348.710000,34612.470000,24002.710000
2025-05-15,22344.726700,40243.713895,43196.341211,-674.891912,1865.007072,0.826589,0.660025,0.488692,0.249515,0.094710,33481.020000,42813.150000,68348.710000,34612.470000,24002.710000
2025-05-16,136535.973398,145425.995518,94632.068706,14421.644683,-105843.154918,0.826589,0.660025,0.488692,0.249515,0.094710,33481.020000,42813.150000,68348.710000,34612.470000,24002.710000
2025-05-19,65521.637433,79464.327765,47787.899993,4062.575775,-73501.213575,0.826589,0.660025,0.488692,0.249515,0.094710,33481.020000,42813.150000,68348.710000,34612.470000,24002.710000
2025-05-21,27311.273538,17145.699446,6619.302429,-5173.188702,-36836.910689,0.826589,0.660025,0.488692,0.249515,0.094710,33481.020000,42813.150000,68348.710000,34612.470000,24002.710000
2025-05-22,19215.187872,10691.859173,3167.121889,-15251.795557,-42148.013506,0.826589,0.660025,0.488692,0.249515,0.094710,33481.020000,42813.150000,68348.710000,34612.470000,24002.710000
2025-05-23,12554.270552,11013.954152,10823.250062,-5432.088530,-33311.997400,0.826589,0.660025,0.488692,0.249515,0.094710,33481.020000,42813.150000,68348.710000,34612.470000,24002.710000
2025-05-26,12770.127760,6410.910139,17943.501823,-4787.142444,-35726.055282,0.826589,0.660025,0.488692,0.249515,0.094710,33481.020000,42813.150000,68348.710000,34612.470000,24002.710000
2025-05-27,9186.577937,840.675117,3355.298381,-2454.854709,-19451.882027,0.826589,0.660025,0.488692,0.249515,0.094710,33481.020000,42813.150000,68348.710000,34612.470000,24002.710000
2025-05-28,8992.459691,3650.323721,2158.716664,-1504.465282,-16890.333869,0.826589,0.660025,0.488692,0.249515,0.094710,33481.020000,42813.150000,68348.710000,34612.470000,24002.710000
2025-05-29,-16652.267755,-1915.946105,-54005.577675,56441.953891,7628.995786,0.826589,0.660025,0.488692,0.249515,0.094710,33481.020000,42813.150000,68348.710000,34612.470000,24002.710000
2025-05-30,-65559.630049,7667.577622,-50301.463286,116660.053477,-9730.799760,0.826589,0.660025,0.488692,0.249515,0.094710,33481.020000,42813.150000,68348.710000,34612.470000,24002.710000
2025-06-02,-1110.855120,-6602.972804,23472.581738,-20667.926432,-31568.291821,0.834184,0.668066,0.500680,0.255362,0.097804,34417.220000,44306.040000,69436.730000,35332.170000,24544.510000
2025-06-03,13171.129561,17247.036254,12006.943238,-1892.119272,-8744.121402,0.834184,0.668066,0.500680,0.255362,0.097804,34417.220000,44306.040000,69436.730000,35332.170000,24544.510000
2025-06-04,43336.698360,91723.734896,90201.470272,284.072892,-2613.871143,0.834184,0.668066,0.500680,0.255362,0.097804,34417.220000,44306.040000,69436.730000,35332.170000,24544.510000
2025-06-05,8673.410474,41957.402137,-33995.735202,1133.169106,-4840.120068,0.834184,0.668066,0.500680,0.255362,0.097804,34417.220000,44306.040000,69436.730000,35332.170000,24544.510000
2025-06-06,14448.912283,6004.198702,-27738.626668,5664.986160,2836.586644,0.834184,0.668066,0.500680,0.255362,0.097804,34417.220000,44306.040000,69436.730000,35332.170000,24544.510000
2025-06-09,7602.205464,2928.147323,-5861.300745,-8723.644544,-14065.044066,0.834184,0.668066,0.500680,0.255362,0.097804,34417.220000,44306.040000,69436.730000,35332.170000,24544.510000
2025-06-10,5800.332868,1228.865735,-3656.760341,-12546.299621,-12747.080486,0.834184,0.668066,0.500680,0.255362,0.097804,34417.220000,44306.040000,69436.730000,35332.170000,24544.510000
2025-06-11,-22200.112921,-5629.841450,-29993.269172,-22853.324222,35471.264769,0.834184,0.668066,0.500680,0.255362,0.097804,34417.220000,44306.040000,69436.730000,35332.170000,24544.510000
2025-06-12,-379.156613,10022.133229,-10927.962867,-27370.606904,8286.403075,0.834184,0.668066,0.500680,0.255362,0.097804,34417.220000,44306.040000,69436.730000,35332.170000,24544.510000
2025-06-13,24285.996973,35308.328856,31653.005151,-39653.893577,-5144.771130,0.834184,0.668066,0.500680,0.255362,0.097804,34417.220000,44306.040000,69436.730000,35332.170000,24544.510000
2025-06-16,36265.304684,47618.201349,53506.021114,480.622537,-23991.381992,0.834184,0.668066,0.500680,0.255362,0.097804,34417.220000,44306.040000,69436.730000,35332.170000,24544.510000
2025-06-17,33263.189270,46266.253405,32002.254728,3587.518762,-8065.950742,0.834184,0.668066,0.500680,0.255362,0.097804,34417.220000,44306.040000,69436.730000,35332.170000,24544.510000
2025-06-18,39418.002207,56670.887648,39253.134407,9839.383438,12267.091547,0.834184,0.668066,0.500680,0.255362,0.097804,34417.220000,44306.040000,69436.730000,35332.170000,24544.510000
2025-06-20,-11455.959053,10364.152973,24261.948042,4234.545941,37939.412237,0.834184,0.668066,0.500680,0.255362,0.097804,34417.220000,44306.040000,69436.730000,35332.170000,24544.510000
2025-06-23,-28795.600841,-16710.065960,2894.453837,1227.530068,34710.655664,0.834184,0.668066,0.500680,0.255362,0.097804,34417.220000,44306.040000,69436.730000,35332.170000,24544.510000
2025-06-24,-21472.963423,-16872.976955,1363.146041,2432.654167,22951.723252,0.834184,0.668066,0.500680,0.255362,0.097804,34417.220000,44306.040000,69436.730000,35332.170000,24544.510000
2025-06-25,-14485.638787,-14793.946090,-10380.537511,2468.091527,17845.922958,0.834184,0.668066,0.500680,0.255362,0.097804,34417.220000,44306.040000,69436.730000,35332.170000,24544.510000
2025-06-26,-8231.879754,-7966.922340,2324.003809,1982.739737,6388.215614,0.834184,0.668066,0.500680,0.255362,0.097804,34417.220000,44306.040000,69436.730000,35332.170000,24544.510000
2025-06-27,-137497.083009,-73169.485428,-33382.329867,35274.572747,206253.493256,0.834184,0.668066,0.500680,0.255362,0.097804,34417.220000,44306.040000,69436.730000,35332.170000,24544.510000
2025-06-30,-88651.364292,21511.756330,-109828.845651,182625.554481,-17424.248377,0.834184,0.668066,0.500680,0.255362,0.097804,34417.220000,44306.040000,69436.730000,35332.170000,24544.510000
2025-07-01,11174.990550,-186.579366,-16439.949914,-24074.250316,-35700.374841,0.842577,0.680814,0.511556,0.267048,0.098592,34949.100000,44567.300000,68326.640000,34368.880000,23221.520000
2025-07-02,3694.580470,5762.732913,-637.491533,-4099.994957,-15369.035230,0.842577,0.680814,0.511556,0.267048,0.098592,34949.100000,44567.300000,68326.640000,34368.880000,23221.520000
2025-07-03,47006.804843,16483.766754,-20489.254678,-25469.788126,-106075.406472,0.842577,0.680814,0.511556,0.267048,0.098592,34949.100000,44567.300000,68326.640000,34368.880000,23221.520000
2025-07-04,34320.621360,20379.600011,-138.812952,1871.718152,-49693.748408,0.842577,0.680814,0.511556,0.267048,0.098592,34949.100000,44567.300000,68326.640000,34368.880000,23221.520000
2025-07-07,21609.736051,5154.037751,-5892.323212,-6523.452596,-23269.658994,0.842577,0.680814,0.511556,0.267048,0.098592,34949.100000,44567.300000,68326.640000,34368.880000,23221.520000
2025-07-08,14995.431822,7546.861184,2554.208097,-11245.067592,-28884.453754,0.842577,0.680814,0.511556,0.267048,0.098592,34949.100000,44567.300000,68326.640000,34368.880000,23221.520000
2025-07-09,16166.004622,8087.871689,2905.476485,-8132.784309,-26067.898230,0.842577,0.680814,0.511556,0.267048,0.098592,34949.100000,44567.300000,68326.640000,34368.880000,23221.520000
2025-07-10,12578.008163,9235.211436,7980.441935,-4079.655646,-13971.862169,0.842577,0.680814,0.511556,0.267048,0.098592,34949.100000,44567.300000,68326.640000,34368.880000,23221.520000
2025-07-11,24076.290124,22205.927178,-16198.646078,-42255.860522,-42062.694964,0.842577,0.680814,0.511556,0.267048,0.098592,34949.100000,44567.300000,68326.640000,34368.880000,23221.520000
2025-07-14,24296.871875,32096.434979,-7323.739564,-34054.286086,-23088.496358,0.842577,0.680814,0.511556,0.267048,0.098592,34949.100000,44567.300000,68326.640000,34368.880000,23221.520000
2025-07-16,32555.787077,43517.741433,31923.687135,-5382.569493,-21526.607766,0.842577,0.680814,0.511556,0.267048,0.098592,34949.100000,44567.300000,68326.640000,34368.880000,23221.520000
2025-07-17,51521.953795,65197.603996,48328.162160,-513.179798,-390.050032,0.842577,0.680814,0.511556,0.267048,0.098592,34949.100000,44567.300000,68326.640000,34368.880000,23221.520000
2025-07-18,60791.812715,80373.184070,75866.666487,14575.931303,357.993287,0.842577,0.680814,0.511556,0.267048,0.098592,34949.100000,44567.300000,68326.640000,34368.880000,23221.520000
2025-07-21,24144.323471,42201.518352,24842.668730,-167.294325,-18353.309637,0.842577,0.680814,0.511556,0.267048,0.098592,34949.100000,44567.300000,68326.640000,34368.880000,23221.520000
2025-07-22,9180.923671,7618.937743,-6149.369760,-2080.199048,-12371.517750,0.842577,0.680814,0.511556,0.267048,0.098592,34949.100000,44567.300000,68326.640000,34368.880000,23221.520000
2025-07-23,14306.723210,9423.585626,-4344.897420,-11455.036054,-31462.684234,0.842577,0.680814,0.511556,0.267048,0.098592,34949.100000,44567.300000,68326.640000,34368.880000,23221.520000
2025-07-24,9306.817057,5902.950870,-1781.925610,-7149.750380,-19034.606261,0.842577,0.680814,0.511556,0.267048,0.098592,34949.100000,44567.300000,68326.640000,34368.880000,23221.520000
2025-07-25,10589.991853,5183.884441,578.026117,-7224.270021,-13637.673669,0.842577,0.680814,0.511556,0.267048,0.098592,34949.100000,44567.300000,68326.640000,34368.880000,23221.520000
2025-07-28,8171.448829,2451.531608,1311.422815,-1591.594183,-10568.153233,0.842577,0.680814,0.511556,0.267048,0.098592,34949.100000,44567.300000,68326.640000,34368.880000,23221.520000
2025-07-29,6715.596921,5.708643,-640.836529,-6886.448750,-9758.054190,0.842577,0.680814,0.511556,0.267048,0.098592,34949.100000,44567.300000,68326.640000,34368.880000,23221.520000
2025-07-30,-12077.813718,7181.720955,-49500.715316,59351.464593,-5532.516112,0.842577,0.680814,0.511556,0.267048,0.098592,34949.100000,44567.300000,68326.640000,34368.880000,23221.520000
2025-07-31,-71339.396716,19407.471728,-63969.674276,122132.414824,-14543.464850,0.842577,0.680814,0.511556,0.267048,0.098592,34949.100000,44567.300000,68326.640000,34368.880000,23221.520000
2025-08-01,26385.154619,7583.207659,6759.760924,-12357.263084,-25177.467895,0.834510,0.678411,0.514352,0.271497,0.101448,36704.760000,46527.280000,70442.920000,35365.750000,23409.420000
2025-08-04,3682.913820,-5391.753720,-25766.017411,-17357.845522,-33383.774138,0.834510,0.678411,0.514352,0.271497,0.101448,36704.760000,46527.280000,70442.920000,35365.750000,23409.420000
2025-08-05,13089.053070,4827.224484,7067.893700,-10164.773161,-39035.932692,0.834510,0.678411,0.514352,0.271497,0.101448,36704.760000,46527.280000,70442.920000,35365.750000,23409.420000
2025-08-06,8365.378279,4524.354569,-8218.546377,-870.421650,-23880.753649,0.834510,0.678411,0.514352,0.271497,0.101448,36704.760000,46527.280000,70442.920000,35365.750000,23409.420000
2025-08-07,-30478.857778,-20714.344657,-7392.291235,-2721.176912,52147.752872,0.834510,0.678411,0.514352,0.271497,0.101448,36704.760000,46527.280000,70442.920000,35365.750000,23409.420000
2025-08-08,-6395.857673,2652.672320,8974.382611,-2755.400082,7313.849139,0.834510,0.678411,0.514352,0.271497,0.101448,36704.760000,46527.280000,70442.920000,35365.750000,23409.420000
2025-08-11,6245.057812,3957.125041,-17717.114168,-15767.960163,-11358.716824,0.834510,0.678411,0.514352,0.271497,0.101448,36704.760000,46527.280000,70442.920000,35365.750000,23409.420000
2025-08-12,14319.542353,16281.541328,-2917.530216,-10885.899716,-11346.381075,0.834510,0.678411,0.514352,0.271497,0.101448,36704.760000,46527.280000,70442.920000,35365.750000,23409.420000
2025-08-13,25321.969477,26246.520858,-13838.931354,-31645.915696,-24614.206038,0.834510,0.678411,0.514352,0.271497,0.101448,36704.760000,46527.280000,70442.920000,35365.750000,23409.420000
2025-08-15,37209.359295,51343.387803,17517.781510,-15243.382055,-10623.101362,0.834510,0.678411,0.514352,0.271497,0.101448,36704.760000,46527.280000,70442.920000,35365.750000,23409.420000
2025-08-18,64583.834133,65044.077055,30432.842165,-32477.700988,-37433.644906,0.834510,0.678411,0.514352,0.271497,0.101448,36704.760000,46527.280000,70442.920000,35365.750000,23409.420000
2025-08-19,71518.459846,90985.633041,57709.631208,15614.679156,-16795.186806,0.834510,0.678411,0.514352,0.271497,0.101448,36704.760000,46527.280000,70442.920000,35365.750000,23409.420000
2025-08-20,26101.112463,26378.769669,9139.054651,-6269.390946,-18302.285491,0.834510,0.678411,0.514352,0.271497,0.101448,36704.760000,46527.280000,70442.920000,35365.750000,23409.420000
2025-08-21,12214.141025,2232.720684,-2840.021945,-6063.581095,-14226.262693,0.834510,0.678411,0.514352,0.271497,0.101448,36704.760000,46527.280000,70442.920000,35365.750000,23409.420000
2025-08-22,26219.639805,15489.931258,-1907.001904,-7057.442201,-35157.491257,0.834510,0.678411,0.514352,0.271497,0.101448,36704.760000,46527.280000,70442.920000,35365.750000,23409.420000
2025-08-25,17083.859848,940.238556,-3259.503574,-10719.345115,-25004.236695,0.834510,0.678411,0.514352,0.271497,0.101448,36704.760000,46527.280000,70442.920000,35365.750000,23409.420000
2025-08-26,12767.867974,2111.637416,-1833.856715,-7876.462190,-18361.035556,0.834510,0.678411,0.514352,0.271497,0.101448,36704.760000,46527.280000,70442.920000,35365.750000,23409.420000
2025-08-27,12487.898249,3131.892778,-1993.750838,-8467.614494,-25248.259565,0.834510,0.678411,0.514352,0.271497,0.101448,36704.760000,46527.280000,70442.920000,35365.750000,23409.420000
2025-08-28,14649.235771,5207.146114,-7515.354555,-3383.418546,-16595.906730,0.834510,0.678411,0.514352,0.271497,0.101448,36704.760000,46527.280000,70442.920000,35365.750000,23409.420000
2025-08-29,-91112.558169,33771.332260,-111541.797692,191357.939322,-22329.550803,0.834510,0.678411,0.514352,0.271497,0.101448,36704.760000,46527.280000,70442.920000,35365.750000,23409.420000
2025-09-01,20442.860969,6545.662863,-21391.649658,-25269.086016,-36586.270972,0.833882,0.678326,0.517318,0.272605,0.100604,38035.740000,48145.010000,71897.070000,35966.410000,23527.790000
2025-09-02,21394.882086,8962.482133,-1622.945433,-7576.216805,-33805.406509,0.833882,0.678326,0.517318,0.272605,0.100604,38035.740000,48145.010000,71897.070000,35966.410000,23527.790000
2025-09-03,18770.856415,8172.967905,-6800.274949,-12701.529303,-27929.099403,0.833882,0.678326,0.517318,0.272605,0.100604,38035.740000,48145.010000,71897.070000,35966.410000,23527.790000
2025-09-04,6248.794289,-867.921578,-22089.698324,-9365.922668,-16154.837400,0.833882,0.678326,0.517318,0.272605,0.100604,38035.740000,48145.010000,71897.070000,35966.410000,23527.790000
2025-09-05,13075.408794,3534.218884,-13512.034212,-6812.939871,-13123.758410,0.833882,0.678326,0.517318,0.272605,0.100604,38035.740000,48145.010000,71897.070000,35966.410000,23527.790000
2025-09-08,533.071199,-3532.401788,-23999.137863,-47082.905089,2920.670650,0.833882,0.678326,0.517318,0.272605,0.100604,38035.740000,48145.010000,71897.070000,35966.410000,23527.790000
2025-09-09,5578.195543,1082.453458,-29554.218094,-40784.551492,-11494.635417,0.833882,0.678326,0.517318,0.272605,0.100604,38035.740000,48145.010000,71897.070000,35966.410000,23527.790000
2025-09-10,15154.699838,7391.096733,-7160.873733,-16492.911971,-13999.265921,0.833882,0.678326,0.517318,0.272605,0.100604,38035.740000,48145.010000,71897.070000,35966.410000,23527.790000
2025-09-11,11086.039607,10020.339960,-14229.543834,-12695.342859,-10434.772836,0.833882,0.678326,0.517318,0.272605,0.100604,38035.740000,48145.010000,71897.070000,35966.410000,23527.790000
2025-09-12,29742.094989,30216.228398,14940.150563,-1934.742796,-6461.121834,0.833882,0.678326,0.517318,0.272605,0.100604,38035.740000,48145.010000,71897.070000,35966.410000,23527.790000
2025-09-15,57864.920557,47463.152357,22714.022176,-262.692457,-29176.846777,0.833882,0.678326,0.517318,0.272605,0.100604,38035.740000,48145.010000,71897.070000,35966.410000,23527.790000
2025-09-16,35764.720408,41480.041536,33257.919644,7004.548761,3632.020971,0.833882,0.678326,0.517318,0.272605,0.100604,38035.740000,48145.010000,71897.070000,35966.410000,23527.790000
2025-09-19,49088.792452,69099.794016,50853.777834,6250.965996,4868.762866,0.833882,0.678326,0.517318,0.272605,0.100604,38035.740000,48145.010000,71897.070000,35966.410000,23527.790000
2025-09-22,32562.200623,51441.641424,35787.566898,6088.756082,3324.811883,0.833882,0.678326,0.517318,0.272605,0.100604,38035.740000,48145.010000,71897.070000,35966.410000,23527.790000
2025-09-23,19376.676152,18689.469462,6200.174442,-3714.929739,-9724.489256,0.833882,0.678326,0.517318,0.272605,0.100604,38035.740000,48145.010000,71897.070000,35966.410000,23527.790000
2025-09-24,8843.810788,22.573776,-6186.333269,-10743.874706,-13330.217324,0.833882,0.678326,0.517318,0.272605,0.100604,38035.740000,48145.010000,71897.070000,35966.410000,23527.790000
2025-09-25,6906.225058,985.209571,-2011.968703,-7067.916657,-7097.609175,0.833882,0.678326,0.517318,0.272605,0.100604,38035.740000,48145.010000,71897.070000,35966.410000,23527.790000
2025-09-26,20045.002443,9454.362112,-1425.062613,-867.652374,-20426.636125,0.833882,0.678326,0.517318,0.272605,0.100604,38035.740000,48145.010000,71897.070000,35966.410000,23527.790000
2025-09-29,15990.169395,7374.177110,-1406.376175,-4777.873408,-23271.570813,0.833882,0.678326,0.517318,0.272605,0.100604,38035.740000,48145.010000,71897.070000,35966.410000,23527.790000
2025-09-30,-101159.491473,41806.109194,-85609.393961,156156.422944,-16306.846347,0.833882,0.678326,0.517318,0.272605,0.100604,38035.740000,48145.010000,71897.070000,35966.410000,23527.790000
2025-10-01,34746.119927,2711.751449,-27588.401162,-17555.929420,-39575.099784,0.835526,0.678755,0.516042,0.271798,0.101931,39345.640000,49987.990000,73974.840000,37095.710000,24024.180000
2025-10-02,7448.720721,4645.845651,-9274.626473,-10253.212713,-12865.992328,0.835526,0.678755,0.516042,0.271798,0.101931,39345.640000,49987.990000,73974.840000,37095.710000,24024.180000
2025-10-03,16150.196981,5600.853302,-2705.150984,-7160.616731,-26857.998084,0.835526,0.678755,0.516042,0.271798,0.101931,39345.640000,49987.990000,73974.840000,37095.710000,24024.180000
2025-10-06,3684.948691,6146.637372,6550.750960,1863.602391,-15834.997426,0.835526,0.678755,0.516042,0.271798,0.101931,39345.640000,49987.990000,73974.840000,37095.710000,24024.180000
2025-10-07,9384.747031,-376.093647,-31770.062657,-17007.646627,-20454.998531,0.835526,0.678755,0.516042,0.271798,0.101931,39345.640000,49987.990000,73974.840000,37095.710000,24024.180000
2025-10-08,12289.721396,6989.719708,1147.317205,-7195.340781,-12620.547377,0.835526,0.678755,0.516042,0.271798,0.101931,39345.640000,49987.990000,73974.840000,37095.710000,24024.180000
2025-10-09,12052.441071,8697.173499,-4253.196490,-10206.600024,-16845.146363,0.835526,0.678755,0.516042,0.271798,0.101931,39345.640000,49987.990000,73974.840000,37095.710000,24024.180000
2025-10-10,24227.473493,14847.210617,6829.673797,-3237.534633,-14694.462691,0.835526,0.678755,0.516042,0.271798,0.101931,39345.640000,49987.990000,73974.840000,37095.710000,24024.180000
2025-10-13,18063.370165,14986.539322,-37227.543029,-74039.804865,-29191.775458,0.835526,0.678755,0.516042,0.271798,0.101931,39345.640000,49987.990000,73974.840000,37095.710000,24024.180000
2025-10-14,27385.889621,32547.843420,6434.351373,-12553.537268,-15724.789385,0.835526,0.678755,0.516042,0.271798,0.101931,39345.640000,49987.990000,73974.840000,37095.710000,24024.180000
2025-10-15,61392.539034,62618.942134,15342.842175,-9586.440656,-25105.150970,0.835526,0.678755,0.516042,0.271798,0.101931,39345.640000,49987.990000,73974.840000,37095.710000,24024.180000
2025-10-16,-31914.669578,31650.971175,43571.629410,6712.307243,176604.527758,0.835526,0.678755,0.516042,0.271798,0.101931,39345.640000,49987.990000,73974.840000,37095.710000,24024.180000
2025-10-17,-9175.913463,31241.835655,51980.415826,6896.034285,67499.751353,0.835526,0.678755,0.516042,0.271798,0.101931,39345.640000,49987.990000,73974.840000,37095.710000,24024.180000
2025-10-20,-93.506830,3543.852059,16725.473247,1892.936992,13592.346191,0.835526,0.678755,0.516042,0.271798,0.101931,39345.640000,49987.990000,73974.840000,37095.710000,24024.180000
2025-10-21,-5179.605513,-5925.900980,410.270286,-2156.966137,677.510281,0.835526,0.678755,0.516042,0.271798,0.101931,39345.640000,49987.990000,73974.840000,37095.710000,24024.180000
2025-10-22,5562.778864,-1102.430026,-8069.192432,-7522.819216,-8045.199973,0.835526,0.678755,0.516042,0.271798,0.101931,39345.640000,49987.990000,73974.840000,37095.710000,24024.180000
2025-10-23,30691.590789,13724.221489,911.134882,-4925.058980,-53802.948382,0.835526,0.678755,0.516042,0.271798,0.101931,39345.640000,49987.990000,73974.840000,37095.710000,24024.180000
2025-10-24,68235.097882,35258.943306,3825.606243,-4966.590916,-113657.898924,0.835526,0.678755,0.516042,0.271798,0.101931,39345.640000,49987.990000,73974.840000,37095.710000,24024.180000
2025-10-27,18746.504295,7065.067849,-4912.627703,-9336.122132,-31676.414932,0.835526,0.678755,0.516042,0.271798,0.101931,39345.640000,49987.990000,73974.840000,37095.710000,24024.180000
2025-10-28,11271.186265,4275.240950,-211.669539,-4083.483224,-17697.995961,0.835526,0.678755,0.516042,0.271798,0.101931,39345.640000,49987.990000,73974.840000,37095.710000,24024.180000
2025-10-29,7857.404614,3517.247725,-1948.786363,-2311.987840,-9416.548237,0.835526,0.678755,0.516042,0.271798,0.101931,39345.640000,49987.990000,73974.840000,37095.710000,24024.180000
2025-10-31,-121764.920797,41562.604669,-78461.029994,161784.609287,-11165.833216,0.835526,0.678755,0.516042,0.271798,0.101931,39345.640000,49987.990000,73974.840000,37095.710000,24024.180000
2025-11-03,25829.145959,3315.318866,-14983.564530,-14442.770162,-43420.114451,0.826977,0.671718,0.512437,0.271817,0.103762,39887.440000,50787.710000,74899.700000,37731.210000,24460.490000
2025-11-04,17670.535044,3901.677460,-22366.375351,-26724.771388,-36610.838943,0.826977,0.671718,0.512437,0.271817,0.103762,39887.440000,50787.710000,74899.700000,37731.210000,24460.490000
2025-11-05,27629.620883,9288.041965,-34963.035821,-17215.779713,-42874.878078,0.826977,0.671718,0.512437,0.271817,0.103762,39887.440000,50787.710000,74899.700000,37731.210000,24460.490000
2025-11-06,15440.968558,8124.704309,4134.682144,8253.873651,-15629.801557,0.826977,0.671718,0.512437,0.271817,0.103762,39887.440000,50787.710000,74899.700000,37731.210000,24460.490000
2025-11-07,22792.812110,8584.943723,-8460.844658,-10971.658616,-26466.718505,0.826977,0.671718,0.512437,0.271817,0.103762,39887.440000,50787.710000,74899.700000,37731.210000,24460.490000
2025-11-10,1621.244558,940.099614,-7980.416284,-11075.356181,-2661.849904,0.826977,0.671718,0.512437,0.271817,0.103762,39887.440000,50787.710000,74899.700000,37731.210000,24460.490000
2025-11-11,6305.144103,3887.667940,-24582.945434,-24267.940096,-14823.485831,0.826977,0.671718,0.512437,0.271817,0.103762,39887.440000,50787.710000,74899.700000,37731.210000,24460.490000
2025-11-12,12297.804275,6893.939577,-32312.842485,-65574.451024,-20214.009588,0.826977,0.671718,0.512437,0.271817,0.103762,39887.440000,50787.710000,74899.700000,37731.210000,24460.490000
2025-11-13,23353.538424,22854.444197,13924.498189,-4494.690913,1131.108916,0.826977,0.671718,0.512437,0.271817,0.103762,39887.440000,50787.710000,74899.700000,37731.210000,24460.490000
2025-11-14,38269.818663,56928.528626,38253.484521,1776.070015,132.173802,0.826977,0.671718,0.512437,0.271817,0.103762,39887.440000,50787.710000,74899.700000,37731.210000,24460.490000
2025-11-17,53327.166853,46549.336152,12553.674295,-12949.331972,-23464.343602,0.826977,0.671718,0.512437,0.271817,0.103762,39887.440000,50787.710000,74899.700000,37731.210000,24460.490000
2025-11-18,51217.462985,71316.952003,37937.753825,6138.101199,8096.377843,0.826977,0.671718,0.512437,0.271817,0.103762,39887.440000,50787.710000,74899.700000,37731.210000,24460.490000
2025-11-19,15943.296958,30226.478914,13441.946029,2036.805618,23676.364337,0.826977,0.671718,0.512437,0.271817,0.103762,39887.440000,50787.710000,74899.700000,37731.210000,24460.490000
2025-11-20,-3475.228945,-2113.266600,-8662.947669,-7009.102283,6778.303367,0.826977,0.671718,0.512437,0.271817,0.103762,39887.440000,50787.710000,74899.700000,37731.210000,24460.490000
2025-11-21,-32626.340930,-19174.359614,-10670.672340,-7552.925794,65176.070265,0.826977,0.671718,0.512437,0.271817,0.103762,39887.440000,50787.710000,74899.700000,37731.210000,24460.490000
2025-11-24,-20013.924876,-14866.974084,-6536.333646,-3244.752384,39325.755094,0.826977,0.671718,0.512437,0.271817,0.103762,39887.440000,50787.710000,74899.700000,37731.210000,24460.490000
2025-11-25,-925.647055,-4971.168514,-3541.875372,-297.833965,1797.116739,0.826977,0.671718,0.512437,0.271817,0.103762,39887.440000,50787.710000,74899.700000,37731.210000,24460.490000
2025-11-26,578.445586,-10333.792080,-13775.479707,-1344.622613,10980.434663,0.826977,0.671718,0.512437,0.271817,0.103762,39887.440000,50787.710000,74899.700000,37731.210000,24460.490000
2025-11-27,-8414.377581,-7471.594391,-6531.272833,2186.170169,13384.428431,0.826977,0.671718,0.512437,0.271817,0.103762,39887.440000,50787.710000,74899.700000,37731.210000,24460.490000
2025-11-28,-109375.136947,31842.355187,-82190.257711,161761.297555,-5990.217622,0.826977,0.671718,0.512437,0.271817,0.103762,39887.440000,50787.710000,74899.700000,37731.210000,24460.490000
2025-12-01,17927.972894,4751.770297,-20859.142472,-20062.324754,-32208.809260,0.817185,0.665633,0.508336,0.267471,0.099702,41245.240000,52491.940000,76806.450000,38598.130000,24806.480000
2025-12-02,3396.887231,-1743.881125,-26132.689718,-22189.678175,-17799.101605,0.817185,0.665633,0.508336,0.267471,0.099702,41245.240000,52491.940000,76806.450000,38598.130000,24806.480000
2025-12-03,3445.777363,1715.872556,-15244.141486,-15303.101237,-18583.088762,0.817185,0.665633,0.508336,0.267471,0.099702,41245.240000,52491.940000,76806.450000,38598.130000,24806.480000
2025-12-04,4770.910204,3207.682804,-1638.711933,7145.395910,-7314.716139,0.817185,0.665633,0.508336,0.267471,0.099702,41245.240000,52491.940000,76806.450000,38598.130000,24806.480000
2025-12-08,1212.062991,-1142.257826,-4235.971658,-1123.838402,-3115.563958,0.817185,0.665633,0.508336,0.267471,0.099702,41245.240000,52491.940000,76806.450000,38598.130000,24806.480000
2025-12-09,-949.178125,-3094.765236,-4791.265138,-6456.522436,-3257.018323,0.817185,0.665633,0.508336,0.267471,0.099702,41245.240000,52491.940000,76806.450000,38598.130000,24806.480000
2025-12-10,5504.843991,3810.190960,-4472.986828,-11954.594282,-9281.014014,0.817185,0.665633,0.508336,0.267471,0.099702,41245.240000,52491.940000,76806.450000,38598.130000,24806.480000
2025-12-11,1804.335211,1384.604644,-45246.415017,-61418.648612,-21911.234700,0.817185,0.665633,0.508336,0.267471,0.099702,41245.240000,52491.940000,76806.450000,38598.130000,24806.480000
2025-12-12,16319.586836,15114.727705,-12550.178227,-34850.860478,-15004.937192,0.817185,0.665633,0.508336,0.267471,0.099702,41245.240000,52491.940000,76806.450000,38598.130000,24806.480000
2025-12-15,46568.948726,34384.137005,14742.660992,-2658.659883,-27001.220792,0.817185,0.665633,0.508336,0.267471,0.099702,41245.240000,52491.940000,76806.450000,38598.130000,24806.480000
2025-12-16,27746.180673,49878.864249,55190.535182,5227.539414,7438.466956,0.817185,0.665633,0.508336,0.267471,0.099702,41245.240000,52491.940000,76806.450000,38598.130000,24806.480000
2025-12-17,74053.059992,68520.229160,43713.278693,1588.181168,-55028.382764,0.817185,0.665633,0.508336,0.267471,0.099702,41245.240000,52491.940000,76806.450000,38598.130000,24806.480000
2025-12-18,52499.502721,75996.997031,53021.215520,11369.390515,-10903.440385,0.817185,0.665633,0.508336,0.267471,0.099702,41245.240000,52491.940000,76806.450000,38598.130000,24806.480000
2025-12-19,21927.880674,15514.412248,8307.998715,-4521.163730,-19384.322292,0.817185,0.665633,0.508336,0.267471,0.099702,41245.240000,52491.940000,76806.450000,38598.130000,24806.480000
2025-12-22,4361.207690,-533.484465,-1827.470898,-4233.589419,-8580.147480,0.817185,0.665633,0.508336,0.267471,0.099702,41245.240000,52491.940000,76806.450000,38598.130000,24806.480000
2025-12-23,2536.526780,-4881.255790,1047.338968,-6051.870979,-3063.371286,0.817185,0.665633,0.508336,0.267471,0.099702,41245.240000,52491.940000,76806.450000,38598.130000,24806.480000
2025-12-25,5985.928079,-6714.219347,-8783.901779,-7986.923500,-7682.058173,0.817185,0.665633,0.508336,0.267471,0.099702,41245.240000,52491.940000,76806.450000,38598.130000,24806.480000
2025-12-26,156.857528,-1284.312393,-10620.760701,-40.396292,13161.801064,0.817185,0.665633,0.508336,0.267471,0.099702,41245.240000,52491.940000,76806.450000,38598.130000,24806.480000
2025-12-29,3080.434619,3900.732328,-696.223688,297.365032,-922.692282,0.817185,0.665633,0.508336,0.267471,0.099702,41245.240000,52491.940000,76806.450000,38598.130000,24806.480000
2025-12-30,-88762.632556,15991.541855,-48760.945388,111473.360945,4419.690626,0.817185,0.665633,0.508336,0.267471,0.099702,41245.240000,52491.940000,76806.450000,38598.130000,24806.480000
2026-01-01,-32563.232997,11199.280512,-31663.858001,60103.490757,-290.864474,0.805528,0.654665,0.499029,0.262767,0.095297,44350.050000,56507.250000,81892.780000,41176.820000,26170.180000
2026-01-02,25745.706457,4769.277982,-11419.285707,-11595.486090,-27546.863215,0.805528,0.654665,0.499029,0.262767,0.095297,44350.050000,56507.250000,81892.780000,41176.820000,26170.180000
2026-01-05,5926.697444,-1025.140619,3645.130596,-12651.391143,-12605.876626,0.805528,0.654665,0.499029,0.262767,0.095297,44350.050000,56507.250000,81892.780000,41176.820000,26170.180000
2026-01-06,5870.713602,-1348.803420,-12177.321968,-13044.997235,-15373.184696,0.805528,0.654665,0.499029,0.262767,0.095297,44350.050000,56507.250000,81892.780000,41176.820000,26170.180000
2026-01-07,2819.155400,-4667.392280,-11258.616351,-727.791265,-6750.394676,0.805528,0.654665,0.499029,0.262767,0.095297,44350.050000,56507.250000,81892.780000,41176.820000,26170.180000
2026-01-08,5630.354578,3258.635041,-4422.622641,-7334.585473,-13290.173487,0.805528,0.654665,0.499029,0.262767,0.095297,44350.050000,56507.250000,81892.780000,41176.820000,26170.180000
2026-01-09,15249.266114,9712.313253,-6579.169812,-12073.242877,-16387.070619,0.805528,0.654665,0.499029,0.262767,0.095297,44350.050000,56507.250000,81892.780000,41176.820000,26170.180000
2026-01-12,11427.581892,4877.979399,-50602.859313,-75633.475056,-30330.851056,0.805528,0.654665,0.499029,0.262767,0.095297,44350.050000,56507.250000,81892.780000,41176.820000,26170.180000
2026-01-13,16676.358068,17963.543818,-12728.145658,-21837.346412,-14940.608922,0.805528,0.654665,0.499029,0.262767,0.095297,44350.050000,56507.250000,81892.780000,41176.820000,26170.180000
2026-01-14,24543.885096,32831.976100,5471.614865,-19236.909537,-9895.518150,0.805528,0.654665,0.499029,0.262767,0.095297,44350.050000,56507.250000,81892.780000,41176.820000,26170.180000
2026-01-15,72395.059507,74757.565392,30488.351037,-11419.541696,-29587.990748,0.805528,0.654665,0.499029,0.262767,0.095297,44350.050000,56507.250000,81892.780000,41176.820000,26170.180000
2026-01-16,68112.827354,90544.211085,63607.651733,9589.894231,5149.271990,0.805528,0.654665,0.499029,0.262767,0.095297,44350.050000,56507.250000,81892.780000,41176.820000,26170.180000
2026-01-19,50861.230555,70857.357656,46031.433396,5493.476762,1422.660290,0.805528,0.654665,0.499029,0.262767,0.095297,44350.050000,56507.250000,81892.780000,41176.820000,26170.180000
2026-01-20,12850.450149,6441.474245,4324.947851,-3927.565202,-17639.281080,0.805528,0.654665,0.499029,0.262767,0.095297,44350.050000,56507.250000,81892.780000,41176.820000,26170.180000
2026-01-21,9298.739523,3789.061692,-2301.648729,-5348.336319,-16572.428283,0.805528,0.654665,0.499029,0.262767,0.095297,44350.050000,56507.250000,81892.780000,41176.820000,26170.180000
2026-01-22,4125.101860,-2089.007255,-2185.710098,-4652.210584,-9139.569366,0.805528,0.654665,0.499029,0.262767,0.095297,44350.050000,56507.250000,81892.780000,41176.820000,26170.180000
2026-01-23,-15666.259670,-13215.508370,-1947.264300,-8787.528730,27949.175560,0.805528,0.654665,0.499029,0.262767,0.095297,44350.050000,56507.250000,81892.780000,41176.820000,26170.180000
2026-01-26,-68503.960849,-36452.414007,12332.308827,-11344.430475,81702.973317,0.805528,0.654665,0.499029,0.262767,0.095297,44350.050000,56507.250000,81892.780000,41176.820000,26170.180000
2026-01-27,-24085.329252,-12173.478841,-619.798048,-3041.447150,35146.124938,0.805528,0.654665,0.499029,0.262767,0.095297,44350.050000,56507.250000,81892.780000,41176.820000,26170.180000
2026-01-28,681.087532,707.109832,4561.813111,-3911.482232,-6633.140102,0.805528,0.654665,0.499029,0.262767,0.095297,44350.050000,56507.250000,81892.780000,41176.820000,26170.180000
2026-01-29,1364.565479,-1559.698772,-1066.139879,-3726.724155,-6811.370295,0.805528,0.654665,0.499029,0.262767,0.095297,44350.050000,56507.250000,81892.780000,41176.820000,26170.180000
2026-01-30,-117330.091210,38668.562094,-82107.801252,158356.874915,-6875.956823,0.805528,0.654665,0.499029,0.262767,0.095297,44350.050000,56507.250000,81892.780000,41176.820000,26170.180000
2026-02-02,44338.744422,10367.563564,-29018.596253,-25777.688347,-67360.337998,0.814395,0.663864,0.504790,0.273095,0.100815,45451.860000,57631.380000,82945.800000,41613.740000,25892.740000
2026-02-03,14439.516173,2875.616789,-3750.917647,-20239.497857,-29371.744069,0.814395,0.663864,0.504790,0.273095,0.100815,45451.860000,57631.380000,82945.800000,41613.740000,25892.740000
2026-02-04,8303.924414,-6341.271994,-18731.961805,-17392.032832,-12750.061585,0.814395,0.663864,0.504790,0.273095,0.100815,45451.860000,57631.380000,82945.800000,41613.740000,25892.740000
2026-02-05,17555.640396,9487.673922,3044.970487,8004.877219,-20373.781309,0.814395,0.663864,0.504790,0.273095,0.100815,45451.860000,57631.380000,82945.800000,41613.740000,25892.740000
2026-02-06,17792.918101,6150.983973,-2112.735639,-4765.228019,-26186.417843,0.814395,0.663864,0.504790,0.273095,0.100815,45451.860000,57631.380000,82945.800000,41613.740000,25892.740000
2026-02-09,10509.955823,2348.624555,-912.064892,-8817.901030,-11931.739822,0.814395,0.663864,0.504790,0.273095,0.100815,45451.860000,57631.380000,82945.800000,41613.740000,25892.740000
2026-02-10,10205.170540,5859.505599,2372.732200,-5998.464602,-10813.219193,0.814395,0.663864,0.504790,0.273095,0.100815,45451.860000,57631.380000,82945.800000,41613.740000,25892.740000
2026-02-11,9755.407013,8050.923825,-43005.293201,-39090.555540,-24425.096301,0.814395,0.663864,0.504790,0.273095,0.100815,45451.860000,57631.380000,82945.800000,41613.740000,25892.740000
2026-02-12,13920.427457,19943.705835,-18423.411378,-51545.076213,-16851.538391,0.814395,0.663864,0.504790,0.273095,0.100815,45451.860000,57631.380000,82945.800000,41613.740000,25892.740000
2026-02-13,33682.135856,35027.981856,11104.947560,-10242.648195,-2171.958340,0.814395,0.663864,0.504790,0.273095,0.100815,45451.860000,57631.380000,82945.800000,41613.740000,25892.740000
2026-02-16,53137.729877,50388.074323,14394.632910,-8735.262162,-20217.392131,0.814395,0.663864,0.504790,0.273095,0.100815,45451.860000,57631.380000,82945.800000,41613.740000,25892.740000
2026-02-17,74375.881270,65673.835254,41401.748902,5317.274687,-64957.938782,0.814395,0.663864,0.504790,0.273095,0.100815,45451.860000,57631.380000,82945.800000,41613.740000,25892.740000
2026-02-18,55926.730654,66034.215595,42942.961904,7908.671001,-2708.668064,0.814395,0.663864,0.504790,0.273095,0.100815,45451.860000,57631.380000,82945.800000,41613.740000,25892.740000
2026-02-19,28739.923351,27836.216010,6170.662857,3682.769612,-4280.193469,0.814395,0.663864,0.504790,0.273095,0.100815,45451.860000,57631.380000,82945.800000,41613.740000,25892.740000
2026-02-20,15198.263760,6664.422285,-6893.114529,-5045.235581,-13265.737258,0.814395,0.663864,0.504790,0.273095,0.100815,45451.860000,57631.380000,82945.800000,41613.740000,25892.740000
2026-02-23,2333.892015,-3383.169174,-2116.859953,-9197.982850,-8470.039567,0.814395,0.663864,0.504790,0.273095,0.100815,45451.860000,57631.380000,82945.800000,41613.740000,25892.740000
2026-02-24,9165.967402,3478.092002,-2205.188692,590.932944,-9408.393171,0.814395,0.663864,0.504790,0.273095,0.100815,45451.860000,57631.380000,82945.800000,41613.740000,25892.740000
2026-02-25,6239.782481,-1164.248157,-3962.620822,-1972.601876,-8040.847569,0.814395,0.663864,0.504790,0.273095,0.100815,45451.860000,57631.380000,82945.800000,41613.740000,25892.740000
2026-02-26,11312.754057,2843.838404,-3679.581390,-2495.122543,-16111.406757,0.814395,0.663864,0.504790,0.273095,0.100815,45451.860000,57631.380000,82945.800000,41613.740000,25892.740000
2026-02-27,-107394.380365,19775.032917,-87321.421029,183866.442720,-7876.761787,0.814395,0.663864,0.504790,0.273095,0.100815,45451.860000,57631.380000,82945.800000,41613.740000,25892.740000
2026-03-02,16642.583670,2407.889751,-20186.292001,-19008.057179,-30974.329077,0.826031,0.674991,0.515008,0.280191,0.106249,40897.310000,52524.430000,75980.160000,38670.500000,24956.350000
2026-03-03,10785.545476,-482.697619,-21323.287958,-20576.478076,-26168.250824,0.826031,0.674991,0.515008,0.280191,0.106249,40897.310000,52524.430000,75980.160000,38670.500000,24956.350000
2026-03-04,5265.849641,-2713.167459,-18992.422236,-13226.269499,-13406.901701,0.826031,0.674991,0.515008,0.280191,0.106249,40897.310000,52524.430000,75980.160000,38670.500000,24956.350000
2026-03-05,7271.703673,81.819422,246.025255,8225.801669,-9213.160199,0.826031,0.674991,0.515008,0.280191,0.106249,40897.310000,52524.430000,75980.160000,38670.500000,24956.350000
2026-03-06,-123946.196675,-80121.599448,-15929.267562,17449.298629,177771.206817,0.826031,0.674991,0.515008,0.280191,0.106249,40897.310000,52524.430000,75980.160000,38670.500000,24956.350000
2026-03-09,-107436.224877,-83062.071029,-48336.285200,18610.818527,176082.940814,0.826031,0.674991,0.515008,0.280191,0.106249,40897.310000,52524.430000,75980.160000,38670.500000,24956.350000
2026-03-10,-53816.104052,-46327.999774,-5638.903035,9722.362712,71408.468485,0.826031,0.674991,0.515008,0.280191,0.106249,40897.310000,52524.430000,75980.160000,38670.500000,24956.350000
2026-03-11,-39460.782249,-32368.507413,-48528.561631,-43254.766926,23481.190190,0.826031,0.674991,0.515008,0.280191,0.106249,40897.310000,52524.430000,75980.160000,38670.500000,24956.350000
2026-03-12,-26628.726553,-22467.641785,-19500.432485,-36045.454529,48184.678493,0.826031,0.674991,0.515008,0.280191,0.106249,40897.310000,52524.430000,75980.160000,38670.500000,24956.350000
2026-03-13,-23481.967964,-9764.264595,2046.458445,18628.401762,70520.212909,0.826031,0.674991,0.515008,0.280191,0.106249,40897.310000,52524.430000,75980.160000,38670.500000,24956.350000
2026-03-16,28530.506274,44056.469040,23175.197198,2369.380628,21987.126135,0.826031,0.674991,0.515008,0.280191,0.106249,40897.310000,52524.430000,75980.160000,38670.500000,24956.350000
2026-03-17,5341.859975,20561.733128,13740.702871,-1982.344194,31920.993081,0.826031,0.674991,0.515008,0.280191,0.106249,40897.310000,52524.430000,75980.160000,38670.500000,24956.350000
2026-03-18,27691.251845,49295.819770,37170.422240,8895.245985,41488.887203,0.826031,0.674991,0.515008,0.280191,0.106249,40897.310000,52524.430000,75980.160000,38670.500000,24956.350000
2026-03-19,-9773.635599,12620.184172,15928.765135,7729.485630,52668.255304,0.826031,0.674991,0.515008,0.280191,0.106249,40897.310000,52524.430000,75980.160000,38670.500000,24956.350000
2026-03-20,-19844.525372,-23465.920860,-13510.123643,-2478.996170,46583.394441,0.826031,0.674991,0.515008,0.280191,0.106249,40897.310000,52524.430000,75980.160000,38670.500000,24956.350000
2026-03-23,-27779.910110,-17639.019545,-13510.317844,3001.215814,25681.879881,0.826031,0.674991,0.515008,0.280191,0.106249,40897.310000,52524.430000,75980.160000,38670.500000,24956.350000
2026-03-24,15269.423590,1217.431923,-6173.926358,-2418.447243,-31539.352588,0.826031,0.674991,0.515008,0.280191,0.106249,40897.310000,52524.430000,75980.160000,38670.500000,24956.350000
2026-03-25,14325.835059,4169.307375,-6818.904345,554.227928,-26496.683449,0.826031,0.674991,0.515008,0.280191,0.106249,40897.310000,52524.430000,75980.160000,38670.500000,24956.350000
2026-03-26,-1921.539671,-12302.499820,-5703.725566,-7313.129614,-768.614572,0.826031,0.674991,0.515008,0.280191,0.106249,40897.310000,52524.430000,75980.160000,38670.500000,24956.350000
2026-03-27,-8745.448333,-11155.446175,-3755.974193,-397.548063,3300.729301,0.826031,0.674991,0.515008,0.280191,0.106249,40897.310000,52524.430000,75980.160000,38670.500000,24956.350000
2026-03-30,-17405.921703,-15631.129735,-6050.950333,4945.940755,11584.107882,0.826031,0.674991,0.515008,0.280191,0.106249,40897.310000,52524.430000,75980.160000,38670.500000,24956.350000
2026-03-31,-129305.163223,-8399.899254,-93627.950179,189252.041421,25663.388855,0.826031,0.674991,0.515008,0.280191,0.106249,40897.310000,52524.430000,75980.160000,38670.500000,24956.350000
2026-04-01,-18095.320501,-20706.212476,-36561.341313,-8809.990053,16538.383145,0.826019,0.685314,0.524480,0.287367,0.104614,44776.190000,57046.160000,80494.150000,40428.280000,25440.260000
2026-04-03,-10602.328826,-13743.360599,-4497.071669,-3219.113172,13741.183957,0.826019,0.685314,0.524480,0.287367,0.104614,44776.190000,57046.160000,80494.150000,40428.280000,25440.260000
2026-04-06,-15581.498534,-12679.413579,-17588.675144,-8325.284807,17237.766227,0.826019,0.685314,0.524480,0.287367,0.104614,44776.190000,57046.160000,80494.150000,40428.280000,25440.260000
2026-04-07,-5486.302371,-7128.456051,-1490.552868,-1743.631787,412.412331,0.826019,0.685314,0.524480,0.287367,0.104614,44776.190000,57046.160000,80494.150000,40428.280000,25440.260000
2026-04-08,-27237.863883,-17269.823024,-25062.273773,-21228.309839,12049.339131,0.826019,0.685314,0.524480,0.287367,0.104614,44776.190000,57046.160000,80494.150000,40428.280000,25440.260000
2026-04-09,-6608.806320,-7114.175066,-6467.127797,-1596.462649,16956.869332,0.826019,0.685314,0.524480,0.287367,0.104614,44776.190000,57046.160000,80494.150000,40428.280000,25440.260000
2026-04-10,-4667.168184,-9787.509106,-16314.719926,-6277.587316,13704.827210,0.826019,0.685314,0.524480,0.287367,0.104614,44776.190000,57046.160000,80494.150000,40428.280000,25440.260000
2026-04-13,41714.341254,27740.666656,-35444.117013,-73240.043081,-78424.956777,0.826019,0.685314,0.524480,0.287367,0.104614,44776.190000,57046.160000,80494.150000,40428.280000,25440.260000
2026-04-14,54325.555251,40434.769649,-19124.195579,-36009.809629,-72463.485776,0.826019,0.685314,0.524480,0.287367,0.104614,44776.190000,57046.160000,80494.150000,40428.280000,25440.260000
2026-04-15,31562.787712,49924.436671,25942.433166,-9826.964246,-8625.524386,0.826019,0.685314,0.524480,0.287367,0.104614,44776.190000,57046.160000,80494.150000,40428.280000,25440.260000
2026-04-16,71454.638049,85413.160328,66871.893583,11871.906770,13126.458350,0.826019,0.685314,0.524480,0.287367,0.104614,44776.190000,57046.160000,80494.150000,40428.280000,25440.260000
2026-04-17,45087.441127,56553.649940,39729.124061,8755.810856,-272.121233,0.826019,0.685314,0.524480,0.287367,0.104614,44776.190000,57046.160000,80494.150000,40428.280000,25440.260000
2026-04-20,28483.972041,40857.438647,13506.033140,-4372.832094,-31910.608904,0.826019,0.685314,0.524480,0.287367,0.104614,44776.190000,57046.160000,80494.150000,40428.280000,25440.260000
2026-04-21,22188.218355,7020.688702,1055.312293,-7721.147057,-33052.280628,0.826019,0.685314,0.524480,0.287367,0.104614,44776.190000,57046.160000,80494.150000,40428.280000,25440.260000
2026-04-22,20863.624921,8581.502502,-6750.894712,-9331.303644,-36862.614983,0.826019,0.685314,0.524480,0.287367,0.104614,44776.190000,57046.160000,80494.150000,40428.280000,25440.260000
2026-04-23,35655.796225,13385.526818,-4795.194109,-10250.323243,-57395.912856,0.826019,0.685314,0.524480,0.287367,0.104614,44776.190000,57046.160000,80494.150000,40428.280000,25440.260000
2026-04-24,18655.332510,1175.885077,-3779.400139,-4707.896295,-24887.881443,0.826019,0.685314,0.524480,0.287367,0.104614,44776.190000,57046.160000,80494.150000,40428.280000,25440.260000
2026-04-27,10983.725573,2343.858844,-271.427774,-1675.698606,-11360.094406,0.826019,0.685314,0.524480,0.287367,0.104614,44776.190000,57046.160000,80494.150000,40428.280000,25440.260000
2026-04-28,6505.257345,4592.128631,813.200615,-4213.792250,-12123.667171,0.826019,0.685314,0.524480,0.287367,0.104614,44776.190000,57046.160000,80494.150000,40428.280000,25440.260000
2026-04-29,5261.262380,4516.113599,-7313.710440,-3529.251351,-7617.941330,0.826019,0.685314,0.524480,0.287367,0.104614,44776.190000,57046.160000,80494.150000,40428.280000,25440.260000
2026-05-01,-103941.256613,24395.820243,-74175.630894,169652.252501,-18092.423002,0.831133,0.691098,0.526369,0.299084,0.116603,46961.300000,59566.930000,82740.970000,40655.770000,24840.120000
2026-05-04,21188.228096,3770.769647,-20432.717354,-29730.044590,-53702.133850,0.831133,0.691098,0.526369,0.299084,0.116603,46961.300000,59566.930000,82740.970000,40655.770000,24840.120000
2026-05-05,2490.569105,9066.258650,-10407.304166,-22614.035736,-12958.757101,0.831133,0.691098,0.526369,0.299084,0.116603,46961.300000,59566.930000,82740.970000,40655.770000,24840.120000
2026-05-06,10424.476545,1981.016441,-703.189735,-8769.962235,-14079.197975,0.831133,0.691098,0.526369,0.299084,0.116603,46961.300000,59566.930000,82740.970000,40655.770000,24840.120000
2026-05-07,7359.301354,4963.356128,4529.147280,5228.657766,-9783.934731,0.831133,0.691098,0.526369,0.299084,0.116603,46961.300000,59566.930000,82740.970000,40655.770000,24840.120000
2026-05-08,18322.406703,8209.679644,-2383.416157,-9167.521716,-24405.175500,0.831133,0.691098,0.526369,0.299084,0.116603,46961.300000,59566.930000,82740.970000,40655.770000,24840.120000
2026-05-11,12621.812640,4637.250133,-45048.810626,-41688.764125,-37141.042162,0.831133,0.691098,0.526369,0.299084,0.116603,46961.300000,59566.930000,82740.970000,40655.770000,24840.120000
2026-05-12,32379.521784,22520.303203,-4962.018890,-51584.060510,-50392.654179,0.831133,0.691098,0.526369,0.299084,0.116603,46961.300000,59566.930000,82740.970000,40655.770000,24840.120000
2026-05-13,29110.903483,27350.632545,7627.414320,-37529.693300,-32982.598729,0.831133,0.691098,0.526369,0.299084,0.116603,46961.300000,59566.930000,82740.970000,40655.770000,24840.120000
2026-05-14,38239.617151,47708.927735,19237.655532,-12696.368551,-18892.531097,0.831133,0.691098,0.526369,0.299084,0.116603,46961.300000,59566.930000,82740.970000,40655.770000,24840.120000
2026-05-15,78514.590681,76915.872207,27350.756819,-8007.572841,-50463.744149,0.831133,0.691098,0.526369,0.299084,0.116603,46961.300000,59566.930000,82740.970000,40655.770000,24840.120000
2026-05-18,65165.418844,90872.117576,67298.054844,10417.984644,-3779.485676,0.831133,0.691098,0.526369,0.299084,0.116603,46961.300000,59566.930000,82740.970000,40655.770000,24840.120000
2026-05-19,41806.999232,56119.535503,32430.707533,7786.258980,-17543.372441,0.831133,0.691098,0.526369,0.299084,0.116603,46961.300000,59566.930000,82740.970000,40655.770000,24840.120000
2026-05-21,25775.385647,15035.613444,3785.229374,-2074.361255,-16203.353829,0.831133,0.691098,0.526369,0.299084,0.116603,46961.300000,59566.930000,82740.970000,40655.770000,24840.120000
2026-05-22,9967.481497,-2666.423948,-13121.256632,-14495.053900,-21730.143530,0.831133,0.691098,0.526369,0.299084,0.116603,46961.300000,59566.930000,82740.970000,40655.770000,24840.120000
2026-05-25,9888.588036,1849.518685,-9351.998489,-6493.379376,-20367.323232,0.831133,0.691098,0.526369,0.299084,0.116603,46961.300000,59566.930000,82740.970000,40655.770000,24840.120000
2026-05-26,3525.721813,2845.918593,78.416739,105.772361,-11024.696092,0.831133,0.691098,0.526369,0.299084,0.116603,46961.300000,59566.930000,82740.970000,40655.770000,24840.120000
2026-05-27,11359.160478,5226.857167,-5361.075635,-2689.438412,-17777.754510,0.831133,0.691098,0.526369,0.299084,0.116603,46961.300000,59566.930000,82740.970000,40655.770000,24840.120000
2026-05-28,11711.884522,9989.578912,-1262.547989,-7125.987361,-19902.476762,0.831133,0.691098,0.526369,0.299084,0.116603,46961.300000,59566.930000,82740.970000,40655.770000,24840.120000
2026-05-29,-112344.793231,38754.610627,-68368.670421,171610.055446,-24724.865703,0.831133,0.691098,0.526369,0.299084,0.116603,46961.300000,59566.930000,82740.970000,40655.770000,24840.120000
2026-06-01,39512.993690,12760.685004,-47154.991660,-35425.188627,-42956.551658,0.836800,0.695497,0.531549,0.309460,0.131672,47173.340000,59658.790000,81266.490000,39869.100000,24071.570000
2026-06-02,13626.882517,6433.902957,-14562.495757,-14509.269698,-18242.183585,0.836800,0.695497,0.531549,0.309460,0.131672,47173.340000,59658.790000,81266.490000,39869.100000,24071.570000
2026-06-03,13822.385301,3805.049642,40885.700189,-6422.004383,-15691.740621,0.836800,0.695497,0.531549,0.309460,0.131672,47173.340000,59658.790000,81266.490000,39869.100000,24071.570000
2026-06-04,66427.918749,69095.402395,72399.788990,22466.683342,8453.682020,0.836800,0.695497,0.531549,0.309460,0.131672,47173.340000,59658.790000,81266.490000,39869.100000,24071.570000
2026-06-05,21220.826183,12648.422614,-55085.693785,-7375.051830,-22227.997842,0.836800,0.695497,0.531549,0.309460,0.131672,47173.340000,59658.790000,81266.490000,39869.100000,24071.570000
2026-06-08,22949.992065,65827.445296,14336.112933,-4590.674542,-6062.237034,0.836800,0.695497,0.531549,0.309460,0.131672,47173.340000,59658.790000,81266.490000,39869.100000,24071.570000
2026-06-09,16801.766664,47913.039499,6831.696734,-9575.945697,-8901.808124,0.836800,0.695497,0.531549,0.309460,0.131672,47173.340000,59658.790000,81266.490000,39869.100000,24071.570000
2026-06-10,21464.136303,19471.345623,3538.345038,-12842.644165,-23596.736544,0.836800,0.695497,0.531549,0.309460,0.131672,47173.340000,59658.790000,81266.490000,39869.100000,24071.570000
2026-06-11,11426.984634,9679.239013,-47676.289866,-78163.087588,-32162.736202,0.836800,0.695497,0.531549,0.309460,0.131672,47173.340000,59658.790000,81266.490000,39869.100000,24071.570000
2026-06-12,30026.228062,28609.264194,10282.186116,-4970.153000,-18876.594044,0.836800,0.695497,0.531549,0.309460,0.131672,47173.340000,59658.790000,81266.490000,39869.100000,24071.570000
2026-06-15,53637.601305,46977.656666,-21513.068937,-33151.443199,-36342.781391,0.836800,0.695497,0.531549,0.309460,0.131672,47173.340000,59658.790000,81266.490000,39869.100000,24071.570000
2026-06-16,36895.763693,50470.063376,29356.809561,1057.660439,1513.950147,0.836800,0.695497,0.531549,0.309460,0.131672,47173.340000,59658.790000,81266.490000,39869.100000,24071.570000
2026-06-17,46610.155762,59074.907239,35083.733274,1232.399522,-300.383279,0.836800,0.695497,0.531549,0.309460,0.131672,47173.340000,59658.790000,81266.490000,39869.100000,24071.570000
2026-06-18,33428.122348,58782.176713,57781.316385,2170.114286,-2155.161732,0.836800,0.695497,0.531549,0.309460,0.131672,47173.340000,59658.790000,81266.490000,39869.100000,24071.570000
2026-06-19,29472.698406,25108.654837,297.733051,-9706.054237,-33917.209682,0.836800,0.695497,0.531549,0.309460,0.131672,47173.340000,59658.790000,81266.490000,39869.100000,24071.570000
2026-06-22,17696.934929,11719.708664,-3274.741318,-14935.779005,-25888.670345,0.836800,0.695497,0.531549,0.309460,0.131672,47173.340000,59658.790000,81266.490000,39869.100000,24071.570000
2026-06-23,19757.414718,9189.918160,-7645.966144,-9652.138229,-24793.488856,0.836800,0.695497,0.531549,0.309460,0.131672,47173.340000,59658.790000,81266.490000,39869.100000,24071.570000
2026-06-24,16997.056280,14282.593698,-5870.289593,-7637.567803,-16969.737474,0.836800,0.695497,0.531549,0.309460,0.131672,47173.340000,59658.790000,81266.490000,39869.100000,24071.570000
2026-06-25,8887.029431,2248.496697,-5878.800245,-5973.829682,-15585.294646,0.836800,0.695497,0.531549,0.309460,0.131672,47173.340000,59658.790000,81266.490000,39869.100000,24071.570000
2026-06-29,14939.754021,7687.594326,-700.621326,-3135.375777,-14718.102729,0.836800,0.695497,0.531549,0.309460,0.131672,47173.340000,59658.790000,81266.490000,39869.100000,24071.570000
2026-06-30,-120518.113867,42387.577035,-94968.290405,178370.742701,-11980.398803,0.836800,0.695497,0.531549,0.309460,0.131672,47173.340000,59658.790000,81266.490000,39869.100000,24071.570000
2026-07-01,38917.462530,14899.400921,-35654.437841,-23812.149963,-39314.390108,0.836120,0.693489,0.529608,0.302916,0.125682,46121.320000,58492.960000,78677.900000,38607.000000,23145.470000
2026-07-02,8031.961496,2956.115415,-8116.049532,-17389.062780,-14011.972510,0.836120,0.693489,0.529608,0.302916,0.125682,46121.320000,58492.960000,78677.900000,38607.000000,23145.470000
2026-07-03,8891.051048,236.396745,10147.875783,-4877.942969,-10310.472631,0.836120,0.693489,0.529608,0.302916,0.125682,46121.320000,58492.960000,78677.900000,38607.000000,23145.470000
2026-07-06,32420.853966,39607.370648,15349.749410,-8086.029700,-19519.233899,0.836120,0.693489,0.529608,0.302916,0.125682,46121.320000,58492.960000,78677.900000,38607.000000,23145.470000
2026-07-07,8762.422363,1300.436494,-18938.338886,-9762.894231,-13169.344340,0.836120,0.693489,0.529608,0.302916,0.125682,46121.320000,58492.960000,78677.900000,38607.000000,23145.470000
2026-07-08,9551.731606,3156.034176,-5647.005101,-10225.459573,-13302.997278,0.836120,0.693489,0.529608,0.302916,0.125682,46121.320000,58492.960000,78677.900000,38607.000000,23145.470000
2026-07-09,14779.573839,7294.600319,-12773.584492,-13690.381812,-13854.796409,0.836120,0.693489,0.529608,0.302916,0.125682,46121.320000,58492.960000,78677.900000,38607.000000,23145.470000
2026-07-10,22677.111163,21073.505367,-1569.073338,-10639.188882,-14135.161732,0.836120,0.693489,0.529608,0.302916,0.125682,46121.320000,58492.960000,78677.900000,38607.000000,23145.470000
2026-07-13,17139.405962,17222.041059,-72691.247066,-98925.520925,-39757.759865,0.836120,0.693489,0.529608,0.302916,0.125682,46121.320000,58492.960000,78677.900000,38607.000000,23145.470000
2026-07-14,13733.940906,21863.258303,1987.878414,-17292.797762,10507.662745,0.836120,0.693489,0.529608,0.302916,0.125682,46121.320000,58492.960000,78677.900000,38607.000000,23145.470000
2026-07-16,73635.141481,66603.656300,4525.161381,-8005.952074,-18233.560244,0.836120,0.693489,0.529608,0.302916,0.125682,46121.320000,58492.960000,78677.900000,38607.000000,23145.470000
2026-07-17,59602.508212,70608.187327,58308.240897,11791.571799,12975.314004,0.836120,0.693489,0.529608,0.302916,0.125682,46121.320000,58492.960000,78677.900000,38607.000000,23145.470000
2026-07-20,36559.218338,58662.650079,36400.235354,1562.923764,2834.830339,0.836120,0.693489,0.529608,0.302916,0.125682,46121.320000,58492.960000,78677.900000,38607.000000,23145.470000
2026-07-21,10242.019612,10574.981554,-2520.628428,-7055.098795,-6340.432429,0.836120,0.693489,0.529608,0.302916,0.125682,46121.320000,58492.960000,78677.900000,38607.000000,23145.470000
2026-07-22,6864.754763,1465.581587,-3405.285712,-8410.508811,-7123.398648,0.836120,0.693489,0.529608,0.302916,0.125682,46121.320000,58492.960000,78677.900000,38607.000000,23145.470000
2026-07-23,2130.337872,-847.301622,-2672.892170,-3303.329623,-6018.207900,0.836120,0.693489,0.529608,0.302916,0.125682,46121.320000,58492.960000,78677.900000,38607.000000,23145.470000
2026-07-24,-19448.918427,-12223.968391,-13140.516707,-6858.755432,39193.955711,0.836120,0.693489,0.529608,0.302916,0.125682,46121.320000,58492.960000,78677.900000,38607.000000,23145.470000
2026-07-27,-14800.746360,-7361.840854,-4663.896193,-2977.396931,27083.844728,0.836120,0.693489,0.529608,0.302916,0.125682,46121.320000,58492.960000,78677.900000,38607.000000,23145.470000
2026-07-28,3111.723686,-2023.481217,-8137.092010,-5958.025948,-1239.975501,0.836120,0.693489,0.529608,0.302916,0.125682,46121.320000,58492.960000,78677.900000,38607.000000,23145.470000
2026-07-29,-3864.515906,-8179.238370,-865.455265,-1541.841725,6996.304273,0.836120,0.693489,0.529608,0.302916,0.125682,46121.320000,58492.960000,78677.900000,38607.000000,23145.470000
2026-07-30,-742.466836,-2983.528914,-1261.813789,-3514.961393,-3035.862948,0.836120,0.693489,0.529608,0.302916,0.125682,46121.320000,58492.960000,78677.900000,38607.000000,23145.470000
2026-07-31,-118130.914915,46208.787032,-73324.742725,160452.030473,-10487.827836,0.836120,0.693489,0.529608,0.302916,0.125682,46121.320000,58492.960000,78677.900000,38607.000000,23145.470000
2026-08-03,28094.775151,-537.576443,-47313.578761,-37352.832662,-39337.530124,0.836120,0.693489,0.529608,0.302916,0.125682,46121.320000,58492.960000,78677.900000,38607.000000,23145.470000
2026-08-04,2579.704281,-5326.859954,-13449.812520,-17704.135259,-10634.701345,0.836120,0.693489,0.529608,0.302916,0.125682,46121.320000,58492.960000,78677.900000,38607.000000,23145.470000
2026-08-05,-9284.245983,-6347.981862,6407.099905,-8960.218420,1123.256802,0.836120,0.693489,0.529608,0.302916,0.125682,46121.320000,58492.960000,78677.900000,38607.000000,23145.470000
2026-08-06,-8132.362796,-7844.313500,5883.310723,9187.554442,5330.494459,0.836120,0.693489,0.529608,0.302916,0.125682,46121.320000,58492.960000,78677.900000,38607.000000,23145.470000
2026-08-07,2370.581627,-3696.034765,-10928.005204,-12377.203373,-2518.461037,0.836120,0.693489,0.529608,0.302916,0.125682,46121.320000,58492.960000,78677.900000,38607.000000,23145.470000
2026-08-10,11886.285740,650.002432,-18067.031255,-15944.921260,-14996.592293,0.836120,0.693489,0.529608,0.302916,0.125682,46121.320000,58492.960000,78677.900000,38607.000000,23145.470000
2026-08-11,10874.587762,8209.455685,-69903.436125,-96280.204649,-42549.803265,0.836120,0.693489,0.529608,0.302916,0.125682,46121.320000,58492.960000,78677.900000,38607.000000,23145.470000
2026-08-12,66166.060154,43855.942994,8682.192868,-21866.642475,-82024.152786,0.836120,0.693489,0.529608,0.302916,0.125682,46121.320000,58492.960000,78677.900000,38607.000000,23145.470000
2026-08-13,42705.281659,37502.268881,11950.636974,-5858.179983,-26213.808029,0.836120,0.693489,0.529608,0.302916,0.125682,46121.320000,58492.960000,78677.900000,38607.000000,23145.470000
2026-08-14,46168.844693,30853.588098,19193.732616,-5334.351218,-15742.643891,0.836120,0.693489,0.529608,0.302916,0.125682,46121.320000,58492.960000,78677.900000,38607.000000,23145.470000
2026-08-17,64606.916357,51621.966165,920.316728,-14700.812809,-29609.349045,0.836120,0.693489,0.529608,0.302916,0.125682,46121.320000,58492.960000,78677.900000,38607.000000,23145.470000
2026-08-18,52261.130922,64461.541613,46311.627213,10868.470039,7035.592793,0.836120,0.693489,0.529608,0.302916,0.125682,46121.320000,58492.960000,78677.900000,38607.000000,23145.470000
2026-08-19,28110.071705,31974.587555,23588.345862,-35.437592,-4899.283054,0.836120,0.693489,0.529608,0.302916,0.125682,46121.320000,58492.960000,78677.900000,38607.000000,23145.470000
2026-08-20,11306.616824,24280.407292,5591.561863,-1638.469982,-3448.119290,0.836120,0.693489,0.529608,0.302916,0.125682,46121.320000,58492.960000,78677.900000,38607.000000,23145.470000
2026-08-21,11932.925764,15031.762297,1867.652072,-4961.028893,-10474.793490,0.836120,0.693489,0.529608,0.302916,0.125682,46121.320000,58492.960000,78677.900000,38607.000000,23145.470000
2026-08-24,5335.216740,-1709.225985,-6292.008486,-7423.477963,-7281.797548,0.836120,0.693489,0.529608,0.302916,0.125682,46121.320000,58492.960000,78677.900000,38607.000000,23145.470000
